user_id,timestamp,event_type,duration_seconds,date
u0166,2026-02-28 10:29:30,click,46.0,2026-02-28
u0007,2026-01-25 06:45:26,login,348.0,2026-01-25
u0054,2026-04-28 00:51:56,click,54.0,2026-04-28
u0082,2026-04-06 23:44:55,scroll,36.0,2026-04-06
u0015,2026-03-12 08:10:17,scroll,13.0,2026-03-12
u0047,2026-02-26 11:58:27,click,150.0,2026-02-26
u0027,2026-02-09 22:48:02,click,388.0,2026-02-09
u0094,2026-02-22 01:57:46,scroll,125.0,2026-02-22
u0178,2026-03-30 06:52:07,click,124.0,2026-03-30
u0190,2026-02-12 23:59:26,view,13.0,2026-02-12
u0037,2026-03-18 17:19:57,click,131.0,2026-03-18
u0192,2026-04-09 05:51:21,scroll,230.0,2026-04-09
u0018,2026-04-28 16:06:36,purchase,33.0,2026-04-28
u0049,2026-01-22 13:52:52,click,29.0,2026-01-22
u0012,2026-04-21 10:15:09,view,37.0,2026-04-21
u0069,2026-04-17 12:55:24,login,13.0,2026-04-17
u0108,2026-04-27 08:38:54,view,39.0,2026-04-27
u0099,2026-02-28 11:32:46,view,151.0,2026-02-28
u0124,2026-02-24 21:00:50,login,19.0,2026-02-24
u0189,2026-01-15 15:21:11,view,163.0,2026-01-15
u0055,2026-02-25 22:28:06,login,134.0,2026-02-25
u0184,2026-02-13 17:35:03,scroll,74.0,2026-02-13
u0198,2026-03-02 11:07:20,login,74.0,2026-03-02
u0091,2026-03-02 01:46:26,login,117.0,2026-03-02
u0186,2026-01-06 14:06:27,click,52.0,2026-01-06
u0164,2026-02-15 05:04:35,purchase,282.0,2026-02-15
u0034,2026-01-17 12:28:20,purchase,58.0,2026-01-17
u0155,2026-02-23 01:37:59,view,142.0,2026-02-23
u0128,2026-01-10 04:41:01,view,224.0,2026-01-10
u0165,2026-04-16 01:56:21,login,84.0,2026-04-16
u0002,2026-01-17 17:41:21,purchase,4.0,2026-01-17
u0020,2026-04-09 19:45:50,click,26.0,2026-04-09
u0011,2026-03-26 12:46:35,scroll,22.0,2026-03-26
u0184,2026-01-06 19:22:08,login,63.0,2026-01-06
u0006,2026-04-17 17:33:02,view,231.0,2026-04-17
u0026,2026-04-01 23:41:12,view,66.0,2026-04-01
u0102,2026-03-17 02:34:02,click,136.0,2026-03-17
u0040,2026-03-16 05:15:53,login,108.0,2026-03-16
u0040,2026-03-26 21:54:32,click,57.0,2026-03-26
u0191,2026-02-13 23:11:29,scroll,71.0,2026-02-13
u0053,2026-01-24 04:49:40,view,8.0,2026-01-24
u0010,2026-03-16 03:39:33,login,71.0,2026-03-16
u0012,2026-04-24 08:43:25,purchase,126.0,2026-04-24
u0095,2026-03-24 14:15:27,login,88.0,2026-03-24
u0139,2026-02-21 02:47:55,view,22.0,2026-02-21
u0181,2026-04-17 19:21:02,view,38.0,2026-04-17
u0177,2026-01-25 05:59:20,click,119.0,2026-01-25
u0126,2026-04-27 12:53:38,click,316.0,2026-04-27
u0152,2026-01-26 02:25:22,login,243.0,2026-01-26
u0031,2026-01-23 14:43:52,login,144.0,2026-01-23
u0135,2026-04-18 04:12:44,click,118.0,2026-04-18
u0070,2026-01-15 18:57:14,view,23.0,2026-01-15
u0024,2026-03-03 11:34:42,click,31.0,2026-03-03
u0096,2026-02-19 04:45:05,view,201.0,2026-02-19
u0159,2026-01-23 05:04:50,view,142.0,2026-01-23
u0140,2026-02-14 12:08:49,view,27.0,2026-02-14
u0172,2026-02-26 00:10:29,scroll,17.0,2026-02-26
u0191,2026-03-31 17:51:05,scroll,39.0,2026-03-31
u0060,2026-03-03 13:11:21,click,105.0,2026-03-03
u0066,2026-01-08 15:34:11,click,141.0,2026-01-08
u0034,2026-03-23 01:22:52,purchase,31.0,2026-03-23
u0039,2026-01-09 19:59:30,login,38.0,2026-01-09
u0048,2026-01-05 00:25:50,click,33.0,2026-01-05
u0095,2026-04-15 16:01:40,scroll,22.0,2026-04-15
u0160,2026-04-30 01:19:52,view,70.0,2026-04-30
u0179,2026-01-30 20:02:09,login,65.0,2026-01-30
u0138,2026-02-13 18:46:28,view,134.0,2026-02-13
u0094,2026-02-04 23:48:15,click,61.0,2026-02-04
u0028,2026-03-13 20:58:41,view,49.0,2026-03-13
u0096,2026-03-17 21:11:00,view,6.0,2026-03-17
u0113,2026-01-04 21:29:28,scroll,206.0,2026-01-04
u0195,2026-04-14 11:44:27,login,43.0,2026-04-14
u0185,2026-04-14 20:43:17,click,129.0,2026-04-14
u0032,2026-01-21 18:33:32,click,16.0,2026-01-21
u0131,2026-03-17 10:58:34,view,94.0,2026-03-17
u0157,2026-01-18 23:09:37,purchase,31.0,2026-01-18
u0130,2026-01-31 13:59:03,view,37.0,2026-01-31
u0015,2026-04-16 14:10:24,scroll,37.0,2026-04-16
u0049,2026-03-11 04:12:00,login,35.0,2026-03-11
u0170,2026-01-30 15:42:01,scroll,85.0,2026-01-30
u0073,2026-02-06 15:30:31,click,12.0,2026-02-06
u0091,2026-04-09 18:21:41,purchase,11.0,2026-04-09
u0106,2026-04-23 05:22:06,click,46.0,2026-04-23
u0074,2026-04-02 16:06:28,login,121.0,2026-04-02
u0200,2026-04-14 03:45:23,scroll,126.0,2026-04-14
u0149,2026-01-18 02:16:10,scroll,18.0,2026-01-18
u0184,2026-01-20 02:25:56,login,26.0,2026-01-20
u0167,2026-01-25 22:08:46,purchase,15.0,2026-01-25
u0191,2026-02-11 19:26:21,view,288.0,2026-02-11
u0134,2026-03-12 00:06:28,view,52.0,2026-03-12
u0140,2026-04-13 09:02:49,click,89.0,2026-04-13
u0168,2026-02-16 11:49:00,purchase,10.0,2026-02-16
u0147,2026-02-06 09:54:29,login,171.0,2026-02-06
u0148,2026-03-03 07:44:16,view,9.0,2026-03-03
u0135,2026-04-12 00:19:42,purchase,184.0,2026-04-12
u0153,2026-01-22 19:43:14,view,76.0,2026-01-22
u0147,2026-02-18 05:02:13,scroll,507.0,2026-02-18
u0001,2026-01-22 02:05:58,login,28.0,2026-01-22
u0117,2026-01-26 19:31:42,click,61.0,2026-01-26
u0027,2026-03-14 08:00:35,scroll,16.0,2026-03-14
u0155,2026-01-24 02:21:30,purchase,172.0,2026-01-24
u0073,2026-02-10 11:15:55,login,62.0,2026-02-10
u0188,2026-02-13 13:07:59,login,115.0,2026-02-13
u0182,2026-02-28 20:52:04,login,42.0,2026-02-28
u0093,2026-03-16 08:22:52,click,49.0,2026-03-16
u0031,2026-03-17 20:41:21,login,44.0,2026-03-17
u0035,2026-01-01 05:28:58,purchase,39.0,2026-01-01
u0117,2026-01-31 00:27:15,purchase,167.0,2026-01-31
u0193,2026-02-06 15:49:50,view,7.0,2026-02-06
u0147,2026-01-14 18:39:44,view,31.0,2026-01-14
u0173,2026-04-26 18:10:24,login,50.0,2026-04-26
u0045,2026-03-02 23:52:07,purchase,67.0,2026-03-02
u0039,2026-04-09 12:43:31,purchase,43.0,2026-04-09
u0023,2026-02-08 11:56:54,scroll,69.0,2026-02-08
u0083,2026-03-23 13:33:03,click,167.0,2026-03-23
u0197,2026-02-11 22:30:25,scroll,20.0,2026-02-11
u0149,2026-04-06 13:16:26,scroll,32.0,2026-04-06
u0082,2026-01-08 02:22:14,purchase,18.0,2026-01-08
u0174,2026-03-16 22:49:09,login,154.0,2026-03-16
u0144,2026-04-24 03:48:22,scroll,25.0,2026-04-24
u0054,2026-02-07 16:58:58,click,38.0,2026-02-07
u0024,2026-02-27 20:33:48,purchase,48.0,2026-02-27
u0194,2026-04-29 02:16:14,view,94.0,2026-04-29
u0023,2026-03-15 23:45:55,purchase,48.0,2026-03-15
u0098,2026-01-11 18:25:18,click,5.0,2026-01-11
u0179,2026-01-17 03:44:21,view,87.0,2026-01-17
u0023,2026-03-22 07:42:11,purchase,195.0,2026-03-22
u0117,2026-04-24 08:10:23,view,24.0,2026-04-24
u0164,2026-01-16 08:51:01,purchase,20.0,2026-01-16
u0180,2026-04-16 12:55:27,scroll,22.0,2026-04-16
u0189,2026-02-08 20:50:05,scroll,17.0,2026-02-08
u0174,2026-04-11 09:00:47,scroll,38.0,2026-04-11
u0043,2026-02-02 13:09:00,click,78.0,2026-02-02
u0007,2026-03-16 06:10:43,purchase,89.0,2026-03-16
u0018,2026-01-12 05:04:15,login,44.0,2026-01-12
u0170,2026-04-27 05:04:26,view,68.0,2026-04-27
u0106,2026-01-18 19:27:02,login,31.0,2026-01-18
u0184,2026-01-25 06:54:04,scroll,174.0,2026-01-25
u0001,2026-01-25 15:42:24,view,159.0,2026-01-25
u0118,2026-03-07 10:33:11,click,44.0,2026-03-07
u0198,2026-04-23 07:54:49,scroll,65.0,2026-04-23
u0078,2026-03-08 00:17:50,view,42.0,2026-03-08
u0123,2026-02-27 09:57:37,scroll,85.0,2026-02-27
u0021,2026-04-04 23:15:11,view,122.0,2026-04-04
u0115,2026-03-01 11:51:22,click,140.0,2026-03-01
u0027,2026-04-02 17:36:33,click,95.0,2026-04-02
u0127,2026-03-01 05:59:23,view,88.0,2026-03-01
u0102,2026-04-11 19:55:19,view,44.0,2026-04-11
u0160,2026-04-14 06:02:56,click,91.0,2026-04-14
u0150,2026-01-23 22:36:33,view,19.0,2026-01-23
u0070,2026-01-04 01:20:14,login,10.0,2026-01-04
u0139,2026-04-04 07:10:18,click,18.0,2026-04-04
u0030,2026-02-19 20:50:13,click,12.0,2026-02-19
u0089,2026-03-05 13:00:00,click,22.0,2026-03-05
u0007,2026-02-19 12:33:23,view,223.0,2026-02-19
u0183,2026-01-31 12:16:18,click,77.0,2026-01-31
u0041,2026-04-09 16:21:50,view,268.0,2026-04-09
u0086,2026-01-07 00:02:17,purchase,42.0,2026-01-07
u0040,2026-01-13 19:49:12,click,31.0,2026-01-13
u0192,2026-02-25 03:10:40,click,48.0,2026-02-25
u0016,2026-02-17 15:01:25,login,43.0,2026-02-17
u0042,2026-02-17 06:02:19,scroll,3.0,2026-02-17
u0154,2026-04-08 10:52:57,scroll,45.0,2026-04-08
u0121,2026-02-19 21:22:52,view,237.0,2026-02-19
u0148,2026-02-16 22:24:15,click,63.0,2026-02-16
u0081,2026-03-05 23:59:17,click,22.0,2026-03-05
u0133,2026-04-06 10:54:37,click,159.0,2026-04-06
u0008,2026-04-26 14:03:45,view,74.0,2026-04-26
u0146,2026-01-02 11:54:34,scroll,39.0,2026-01-02
u0048,2026-03-05 05:29:09,purchase,95.0,2026-03-05
u0167,2026-01-02 21:22:01,login,231.0,2026-01-02
u0021,2026-03-31 03:57:32,click,55.0,2026-03-31
u0123,2026-04-27 14:36:12,login,16.0,2026-04-27
u0059,2026-04-30 19:50:41,scroll,97.0,2026-04-30
u0031,2026-02-23 22:19:55,scroll,4.0,2026-02-23
u0043,2026-03-05 06:58:29,purchase,95.0,2026-03-05
u0091,2026-01-30 06:26:53,click,83.0,2026-01-30
u0101,2026-03-29 05:26:31,click,212.0,2026-03-29
u0132,2026-04-18 00:51:55,purchase,35.0,2026-04-18
u0041,2026-02-13 05:08:57,click,84.0,2026-02-13
u0026,2026-01-08 01:38:33,scroll,310.0,2026-01-08
u0066,2026-02-09 14:11:19,purchase,125.0,2026-02-09
u0154,2026-03-07 09:32:10,purchase,116.0,2026-03-07
u0057,2026-01-24 07:22:47,scroll,25.0,2026-01-24
u0043,2026-01-18 15:59:39,view,42.0,2026-01-18
u0173,2026-01-31 10:26:44,login,438.0,2026-01-31
u0002,2026-02-18 12:10:08,view,208.0,2026-02-18
u0023,2026-03-03 08:17:09,click,13.0,2026-03-03
u0037,2026-04-28 21:24:15,login,42.0,2026-04-28
u0088,2026-02-13 22:08:46,login,13.0,2026-02-13
u0150,2026-04-02 02:10:20,login,141.0,2026-04-02
u0154,2026-04-09 12:18:58,purchase,25.0,2026-04-09
u0091,2026-02-02 13:46:33,click,133.0,2026-02-02
u0029,2026-02-25 10:06:56,purchase,21.0,2026-02-25
u0050,2026-03-12 01:59:37,scroll,19.0,2026-03-12
u0159,2026-03-08 00:25:29,view,244.0,2026-03-08
u0003,2026-04-21 11:49:53,scroll,133.0,2026-04-21
u0025,2026-04-17 09:21:02,purchase,9.0,2026-04-17
u0030,2026-01-07 06:45:35,login,60.0,2026-01-07
u0115,2026-04-05 19:05:37,scroll,25.0,2026-04-05
u0040,2026-04-10 11:39:35,purchase,21.0,2026-04-10
u0111,2026-02-04 13:13:54,purchase,51.0,2026-02-04
u0142,2026-02-18 18:48:34,click,93.0,2026-02-18
u0013,2026-03-12 00:16:21,scroll,7.0,2026-03-12
u0091,2026-03-16 10:28:02,login,99.0,2026-03-16
u0156,2026-03-03 04:33:41,click,41.0,2026-03-03
u0162,2026-01-09 06:03:03,login,34.0,2026-01-09
u0046,2026-03-08 21:30:41,purchase,58.0,2026-03-08
u0187,2026-01-16 23:12:58,click,32.0,2026-01-16
u0164,2026-04-09 14:37:04,view,54.0,2026-04-09
u0064,2026-02-18 12:04:14,view,89.0,2026-02-18
u0003,2026-04-02 22:34:36,click,33.0,2026-04-02
u0054,2026-02-18 17:57:42,login,71.0,2026-02-18
u0188,2026-03-01 03:05:19,purchase,60.0,2026-03-01
u0149,2026-02-27 15:05:58,click,30.0,2026-02-27
u0197,2026-01-03 11:58:54,click,28.0,2026-01-03
u0030,2026-01-04 05:41:26,login,28.0,2026-01-04
u0173,2026-03-30 02:57:30,click,87.0,2026-03-30
u0161,2026-03-16 21:26:37,purchase,11.0,2026-03-16
u0063,2026-03-03 18:33:00,click,30.0,2026-03-03
u0013,2026-04-16 05:14:49,click,18.0,2026-04-16
u0091,2026-03-01 05:29:09,view,30.0,2026-03-01
u0129,2026-04-18 18:06:57,purchase,77.0,2026-04-18
u0189,2026-02-21 06:24:29,login,311.0,2026-02-21
u0001,2026-01-18 10:49:22,login,36.0,2026-01-18
u0095,2026-02-19 05:25:42,view,132.0,2026-02-19
u0060,2026-03-10 11:51:50,login,341.0,2026-03-10
u0099,2026-01-18 04:24:06,scroll,158.0,2026-01-18
u0103,2026-04-30 20:51:50,scroll,89.0,2026-04-30
u0095,2026-04-03 19:16:32,login,23.0,2026-04-03
u0069,2026-04-09 15:43:09,purchase,31.0,2026-04-09
u0093,2026-01-06 18:18:11,view,189.0,2026-01-06
u0066,2026-04-26 23:22:29,purchase,208.0,2026-04-26
u0057,2026-04-30 16:49:41,view,78.0,2026-04-30
u0114,2026-02-14 03:48:58,click,297.0,2026-02-14
u0090,2026-03-14 18:59:18,view,38.0,2026-03-14
u0172,2026-02-03 20:33:14,click,147.0,2026-02-03
u0006,2026-01-15 01:50:03,purchase,56.0,2026-01-15
u0069,2026-01-23 22:06:18,click,125.0,2026-01-23
u0043,2026-04-13 17:53:04,purchase,65.0,2026-04-13
u0173,2026-03-27 11:01:50,view,180.0,2026-03-27
u0114,2026-01-23 05:36:59,purchase,184.0,2026-01-23
u0112,2026-03-04 11:15:34,login,332.0,2026-03-04
u0160,2026-04-28 18:46:05,view,39.0,2026-04-28
u0038,2026-04-09 11:09:16,purchase,11.0,2026-04-09
u0129,2026-01-20 07:19:10,scroll,113.0,2026-01-20
u0192,2026-04-22 18:10:12,purchase,72.0,2026-04-22
u0114,2026-04-06 04:11:30,login,188.0,2026-04-06
u0003,2026-03-19 20:19:32,view,30.0,2026-03-19
u0052,2026-04-19 02:46:44,login,58.0,2026-04-19
u0155,2026-03-20 15:10:11,click,23.0,2026-03-20
u0124,2026-01-22 01:20:14,scroll,112.0,2026-01-22
u0167,2026-02-16 00:23:27,click,15.0,2026-02-16
u0117,2026-03-14 09:25:22,login,223.0,2026-03-14
u0114,2026-04-11 03:52:33,click,62.0,2026-04-11
u0034,2026-02-24 18:48:16,scroll,1060.0,2026-02-24
u0129,2026-02-11 13:58:38,click,148.0,2026-02-11
u0058,2026-01-03 14:59:03,click,57.0,2026-01-03
u0171,2026-03-24 04:07:17,scroll,31.0,2026-03-24
u0122,2026-04-13 14:52:57,purchase,54.0,2026-04-13
u0143,2026-01-15 11:25:57,view,98.0,2026-01-15
u0114,2026-03-02 18:45:03,click,27.0,2026-03-02
u0116,2026-04-12 07:39:42,click,49.0,2026-04-12
u0178,2026-03-22 01:31:33,click,80.0,2026-03-22
u0163,2026-04-12 09:56:23,view,102.0,2026-04-12
u0177,2026-04-30 04:02:13,purchase,366.0,2026-04-30
u0091,2026-01-19 10:41:04,view,179.0,2026-01-19
u0135,2026-02-03 19:01:36,scroll,2.0,2026-02-03
u0030,2026-03-03 19:48:49,scroll,25.0,2026-03-03
u0108,2026-03-20 13:14:08,view,45.0,2026-03-20
u0125,2026-03-22 02:20:21,login,89.0,2026-03-22
u0093,2026-02-17 17:08:19,view,73.0,2026-02-17
u0128,2026-03-09 16:57:58,scroll,718.0,2026-03-09
u0190,2026-03-02 22:01:47,view,138.0,2026-03-02
u0165,2026-02-05 05:08:51,scroll,22.0,2026-02-05
u0065,2026-04-02 10:59:20,click,36.0,2026-04-02
u0030,2026-03-07 19:34:56,view,6.0,2026-03-07
u0028,2026-04-12 05:33:12,purchase,21.0,2026-04-12
u0110,2026-03-08 09:06:16,click,90.0,2026-03-08
u0172,2026-02-08 16:02:42,scroll,93.0,2026-02-08
u0149,2026-01-04 16:44:32,purchase,60.0,2026-01-04
u0078,2026-02-20 14:13:08,purchase,55.0,2026-02-20
u0086,2026-01-22 16:41:49,login,45.0,2026-01-22
u0172,2026-04-09 09:52:41,purchase,8.0,2026-04-09
u0089,2026-03-03 22:33:49,view,87.0,2026-03-03
u0152,2026-02-14 18:25:29,purchase,24.0,2026-02-14
u0094,2026-03-09 01:56:40,purchase,54.0,2026-03-09
u0159,2026-02-17 15:00:44,click,193.0,2026-02-17
u0105,2026-02-26 11:24:34,click,8.0,2026-02-26
u0131,2026-02-21 22:08:31,login,67.0,2026-02-21
u0056,2026-04-19 09:12:00,click,29.0,2026-04-19
u0194,2026-03-07 04:23:12,view,39.0,2026-03-07
u0094,2026-04-18 22:10:00,scroll,109.0,2026-04-18
u0035,2026-01-29 19:01:56,view,1068.0,2026-01-29
u0064,2026-04-16 01:08:14,click,34.0,2026-04-16
u0101,2026-01-07 13:17:54,login,108.0,2026-01-07
u0172,2026-02-20 12:51:50,login,31.0,2026-02-20
u0189,2026-04-15 02:31:32,login,33.0,2026-04-15
u0029,2026-01-19 14:14:25,view,78.0,2026-01-19
u0032,2026-04-30 19:55:15,click,70.0,2026-04-30
u0069,2026-02-26 17:54:52,view,68.0,2026-02-26
u0032,2026-02-02 16:21:43,purchase,209.0,2026-02-02
u0129,2026-04-24 05:21:14,login,51.0,2026-04-24
u0038,2026-01-26 18:03:34,login,102.0,2026-01-26
u0186,2026-04-03 23:05:20,click,146.0,2026-04-03
u0100,2026-03-26 06:15:52,view,57.0,2026-03-26
u0067,2026-01-17 11:35:41,view,58.0,2026-01-17
u0175,2026-01-27 09:45:38,view,612.0,2026-01-27
u0169,2026-01-18 13:30:13,purchase,32.0,2026-01-18
u0005,2026-01-18 02:02:29,purchase,23.0,2026-01-18
u0009,2026-02-21 03:31:44,view,351.0,2026-02-21
u0099,2026-01-09 12:05:39,click,99.0,2026-01-09
u0041,2026-01-15 22:01:27,login,1343.0,2026-01-15
u0134,2026-04-03 10:29:04,login,78.0,2026-04-03
u0166,2026-02-23 02:34:52,click,184.0,2026-02-23
u0093,2026-02-01 19:29:09,purchase,43.0,2026-02-01
u0085,2026-03-28 00:24:18,view,58.0,2026-03-28
u0089,2026-02-13 02:05:56,login,42.0,2026-02-13
u0072,2026-04-18 15:06:39,purchase,50.0,2026-04-18
u0070,2026-01-11 09:26:05,scroll,68.0,2026-01-11
u0039,2026-01-02 00:28:27,login,92.0,2026-01-02
u0077,2026-01-26 00:34:36,login,144.0,2026-01-26
u0050,2026-02-21 05:23:45,scroll,22.0,2026-02-21
u0065,2026-01-29 07:48:31,purchase,12.0,2026-01-29
u0175,2026-04-27 21:35:59,scroll,140.0,2026-04-27
u0173,2026-01-06 07:58:07,view,13.0,2026-01-06
u0086,2026-03-03 18:04:12,view,17.0,2026-03-03
u0173,2026-03-19 04:03:30,purchase,216.0,2026-03-19
u0111,2026-04-18 05:35:52,purchase,5.0,2026-04-18
u0004,2026-03-02 00:24:45,login,132.0,2026-03-02
u0069,2026-01-14 17:26:01,scroll,5.0,2026-01-14
u0079,2026-03-24 03:28:24,click,52.0,2026-03-24
u0123,2026-01-18 05:23:43,click,15.0,2026-01-18
u0124,2026-04-21 00:30:29,purchase,69.0,2026-04-21
u0103,2026-01-16 18:15:10,scroll,114.0,2026-01-16
u0022,2026-04-09 07:18:34,purchase,32.0,2026-04-09
u0062,2026-04-06 14:43:00,purchase,63.0,2026-04-06
u0070,2026-02-09 07:55:48,click,102.0,2026-02-09
u0012,2026-04-11 04:50:00,scroll,91.0,2026-04-11
u0177,2026-01-23 22:52:27,view,282.0,2026-01-23
u0156,2026-01-09 12:12:49,scroll,59.0,2026-01-09
u0178,2026-02-15 08:35:11,scroll,55.0,2026-02-15
u0056,2026-01-08 01:34:35,click,23.0,2026-01-08
u0179,2026-02-02 04:59:57,login,107.0,2026-02-02
u0002,2026-04-25 20:45:38,login,84.0,2026-04-25
u0168,2026-02-15 15:58:39,purchase,8.0,2026-02-15
u0008,2026-03-06 03:50:12,login,275.0,2026-03-06
u0167,2026-04-12 03:57:09,view,94.0,2026-04-12
u0080,2026-04-03 05:38:43,view,346.0,2026-04-03
u0067,2026-02-28 06:58:20,view,100.0,2026-02-28
u0145,2026-01-01 06:22:59,scroll,38.0,2026-01-01
u0105,2026-01-31 11:11:18,purchase,76.0,2026-01-31
u0180,2026-01-18 17:24:08,click,42.0,2026-01-18
u0179,2026-02-23 06:41:47,click,27.0,2026-02-23
u0148,2026-03-04 11:10:38,login,160.0,2026-03-04
u0123,2026-02-12 11:03:54,scroll,65.0,2026-02-12
u0077,2026-01-07 12:37:58,login,4.0,2026-01-07
u0054,2026-03-16 17:07:51,click,6.0,2026-03-16
u0171,2026-04-22 22:58:09,purchase,16.0,2026-04-22
u0195,2026-03-15 05:52:56,scroll,201.0,2026-03-15
u0191,2026-04-07 21:25:36,scroll,49.0,2026-04-07
u0106,2026-02-24 09:27:57,view,203.0,2026-02-24
u0108,2026-02-01 07:19:30,purchase,75.0,2026-02-01
u0137,2026-02-10 15:44:12,click,181.0,2026-02-10
u0118,2026-01-19 12:34:24,purchase,273.0,2026-01-19
u0069,2026-02-26 01:34:25,click,58.0,2026-02-26
u0133,2026-04-10 13:03:00,purchase,140.0,2026-04-10
u0133,2026-02-23 10:06:09,login,5.0,2026-02-23
u0038,2026-02-06 11:09:37,login,200.0,2026-02-06
u0074,2026-01-15 07:33:55,scroll,8.0,2026-01-15
u0154,2026-04-06 13:17:23,login,129.0,2026-04-06
u0186,2026-02-26 11:20:45,purchase,50.0,2026-02-26
u0190,2026-03-26 10:33:11,login,22.0,2026-03-26
u0007,2026-02-20 16:11:03,login,331.0,2026-02-20
u0110,2026-03-13 19:40:19,view,150.0,2026-03-13
u0172,2026-02-28 03:30:43,click,18.0,2026-02-28
u0023,2026-03-21 17:31:52,login,24.0,2026-03-21
u0155,2026-01-01 04:48:17,scroll,5.0,2026-01-01
u0154,2026-02-17 12:11:34,purchase,64.0,2026-02-17
u0058,2026-02-15 15:13:40,login,278.0,2026-02-15
u0090,2026-02-11 05:34:09,view,90.0,2026-02-11
u0100,2026-03-11 10:17:21,click,11.0,2026-03-11
u0153,2026-04-06 22:28:22,click,12.0,2026-04-06
u0065,2026-03-29 23:05:30,scroll,31.0,2026-03-29
u0188,2026-04-22 15:47:16,view,39.0,2026-04-22
u0167,2026-02-24 14:43:02,purchase,78.0,2026-02-24
u0138,2026-02-17 03:37:42,scroll,14.0,2026-02-17
u0059,2026-02-15 07:44:07,login,561.0,2026-02-15
u0054,2026-04-18 20:16:21,purchase,31.0,2026-04-18
u0102,2026-04-13 10:33:10,login,66.0,2026-04-13
u0013,2026-03-31 17:31:52,purchase,87.0,2026-03-31
u0082,2026-01-25 06:53:12,purchase,31.0,2026-01-25
u0008,2026-04-30 04:17:42,scroll,24.0,2026-04-30
u0142,2026-02-20 22:48:27,login,98.0,2026-02-20
u0021,2026-04-03 01:26:58,login,26.0,2026-04-03
u0174,2026-04-03 22:50:17,scroll,78.0,2026-04-03
u0134,2026-01-14 12:30:01,scroll,1011.0,2026-01-14
u0126,2026-03-08 18:13:09,view,125.0,2026-03-08
u0180,2026-04-26 15:07:45,click,24.0,2026-04-26
u0147,2026-02-07 09:32:15,login,497.0,2026-02-07
u0133,2026-02-06 02:07:01,click,64.0,2026-02-06
u0074,2026-01-19 17:48:34,login,28.0,2026-01-19
u0059,2026-02-13 13:49:02,click,7.0,2026-02-13
u0157,2026-04-14 11:41:30,click,106.0,2026-04-14
u0092,2026-03-12 17:27:19,scroll,69.0,2026-03-12
u0095,2026-01-21 17:55:02,click,25.0,2026-01-21
u0171,2026-01-23 19:04:50,scroll,92.0,2026-01-23
u0137,2026-01-26 07:24:06,purchase,25.0,2026-01-26
u0030,2026-02-14 17:37:36,purchase,201.0,2026-02-14
u0081,2026-01-22 12:58:18,scroll,101.0,2026-01-22
u0164,2026-03-25 17:02:34,login,19.0,2026-03-25
u0182,2026-01-19 09:26:55,purchase,49.0,2026-01-19
u0133,2026-04-06 03:42:56,login,101.0,2026-04-06
u0097,2026-01-10 20:01:50,view,458.0,2026-01-10
u0049,2026-01-29 14:31:19,login,16.0,2026-01-29
u0135,2026-02-28 13:53:55,view,26.0,2026-02-28
u0008,2026-03-29 00:10:46,login,80.0,2026-03-29
u0050,2026-04-08 12:49:55,click,118.0,2026-04-08
u0040,2026-04-03 17:07:22,click,45.0,2026-04-03
u0187,2026-02-02 14:27:26,view,62.0,2026-02-02
u0107,2026-02-03 08:35:58,purchase,129.0,2026-02-03
u0053,2026-04-07 08:02:01,login,87.0,2026-04-07
u0047,2026-04-07 19:04:24,view,28.0,2026-04-07
u0019,2026-03-17 13:20:55,click,74.0,2026-03-17
u0107,2026-03-07 16:36:10,login,64.0,2026-03-07
u0073,2026-02-19 00:05:52,purchase,82.0,2026-02-19
u0171,2026-03-19 18:21:46,view,71.0,2026-03-19
u0130,2026-01-01 11:26:21,scroll,23.0,2026-01-01
u0060,2026-02-03 15:45:44,login,50.0,2026-02-03
u0147,2026-04-18 00:46:55,view,153.0,2026-04-18
u0137,2026-03-30 01:59:18,purchase,51.0,2026-03-30
u0038,2026-02-06 08:25:34,view,46.0,2026-02-06
u0184,2026-04-17 12:09:31,click,186.0,2026-04-17
u0006,2026-02-22 18:34:15,click,31.0,2026-02-22
u0067,2026-03-29 14:29:49,click,89.0,2026-03-29
u0098,2026-02-01 20:42:28,login,36.0,2026-02-01
u0006,2026-04-30 18:59:28,click,66.0,2026-04-30
u0156,2026-04-07 19:21:53,login,37.0,2026-04-07
u0121,2026-02-03 10:51:00,view,70.0,2026-02-03
u0073,2026-03-03 00:30:04,click,69.0,2026-03-03
u0009,2026-01-21 23:42:23,click,6.0,2026-01-21
u0154,2026-02-06 02:18:10,purchase,43.0,2026-02-06
u0014,2026-03-12 12:42:01,click,68.0,2026-03-12
u0155,2026-03-14 22:21:21,login,33.0,2026-03-14
u0179,2026-01-28 13:59:16,purchase,51.0,2026-01-28
u0122,2026-03-06 21:09:55,login,104.0,2026-03-06
u0142,2026-01-26 08:11:24,view,347.0,2026-01-26
u0057,2026-01-17 02:33:57,login,41.0,2026-01-17
u0034,2026-04-10 07:34:30,scroll,19.0,2026-04-10
u0102,2026-04-28 02:30:06,purchase,243.0,2026-04-28
u0073,2026-04-26 07:17:18,login,41.0,2026-04-26
u0077,2026-01-09 10:25:57,click,119.0,2026-01-09
u0179,2026-02-08 21:41:00,purchase,373.0,2026-02-08
u0133,2026-01-02 17:58:03,purchase,37.0,2026-01-02
u0043,2026-03-09 00:05:57,scroll,92.0,2026-03-09
u0080,2026-03-26 01:45:07,click,41.0,2026-03-26
u0020,2026-01-13 17:57:40,view,72.0,2026-01-13
u0051,2026-04-04 14:40:12,login,19.0,2026-04-04
u0104,2026-02-03 01:13:39,scroll,179.0,2026-02-03
u0143,2026-03-10 02:13:19,purchase,15.0,2026-03-10
u0104,2026-02-27 02:28:01,view,122.0,2026-02-27
u0009,2026-03-27 08:14:15,purchase,34.0,2026-03-27
u0069,2026-01-13 15:31:29,click,48.0,2026-01-13
u0009,2026-02-05 04:58:10,purchase,138.0,2026-02-05
u0132,2026-01-03 10:49:04,scroll,24.0,2026-01-03
u0011,2026-04-01 14:18:50,scroll,391.0,2026-04-01
u0091,2026-04-28 08:35:32,purchase,42.0,2026-04-28
u0184,2026-04-19 23:52:17,scroll,673.0,2026-04-19
u0109,2026-02-23 15:43:59,purchase,50.0,2026-02-23
u0055,2026-03-17 19:05:58,scroll,9.0,2026-03-17
u0083,2026-04-04 14:21:36,scroll,187.0,2026-04-04
u0166,2026-04-02 20:35:34,click,22.0,2026-04-02
u0042,2026-03-17 04:18:22,view,18.0,2026-03-17
u0001,2026-02-01 22:59:10,purchase,29.0,2026-02-01
u0113,2026-04-13 20:14:45,click,124.0,2026-04-13
u0094,2026-01-20 12:36:24,purchase,15.0,2026-01-20
u0139,2026-04-22 13:36:26,view,40.0,2026-04-22
u0049,2026-04-22 11:17:48,login,95.0,2026-04-22
u0196,2026-03-12 23:10:59,scroll,37.0,2026-03-12
u0066,2026-03-03 08:09:10,view,33.0,2026-03-03
u0137,2026-04-14 19:44:37,purchase,58.0,2026-04-14
u0019,2026-03-08 05:13:56,view,213.0,2026-03-08
u0050,2026-04-21 01:16:48,login,50.0,2026-04-21
u0109,2026-04-18 17:43:28,click,27.0,2026-04-18
u0119,2026-02-22 03:08:35,scroll,29.0,2026-02-22
u0190,2026-02-16 19:20:49,login,20.0,2026-02-16
u0060,2026-03-29 06:24:54,view,26.0,2026-03-29
u0155,2026-04-21 00:32:39,click,152.0,2026-04-21
u0036,2026-01-18 01:49:58,click,191.0,2026-01-18
u0106,2026-02-21 17:07:57,click,38.0,2026-02-21
u0179,2026-03-21 22:25:18,login,82.0,2026-03-21
u0168,2026-01-05 09:11:15,view,104.0,2026-01-05
u0081,2026-02-04 01:45:17,scroll,51.0,2026-02-04
u0074,2026-02-04 15:07:00,view,16.0,2026-02-04
u0100,2026-01-03 17:53:58,view,155.0,2026-01-03
u0104,2026-03-24 04:22:18,scroll,66.0,2026-03-24
u0159,2026-01-06 10:35:03,view,79.0,2026-01-06
u0023,2026-03-17 12:09:25,click,59.0,2026-03-17
u0085,2026-02-12 15:23:50,click,228.0,2026-02-12
u0053,2026-03-30 01:23:23,purchase,72.0,2026-03-30
u0009,2026-04-22 12:46:51,view,116.0,2026-04-22
u0114,2026-03-30 10:21:36,scroll,247.0,2026-03-30
u0187,2026-02-24 12:01:54,click,26.0,2026-02-24
u0183,2026-03-30 04:43:27,purchase,113.0,2026-03-30
u0095,2026-04-15 09:09:36,login,17.0,2026-04-15
u0172,2026-03-04 00:14:58,click,79.0,2026-03-04
u0199,2026-03-12 10:10:44,scroll,23.0,2026-03-12
u0103,2026-02-06 05:14:19,click,195.0,2026-02-06
u0188,2026-03-21 21:05:24,login,159.0,2026-03-21
u0146,2026-02-14 20:40:47,view,116.0,2026-02-14
u0125,2026-04-01 05:48:11,login,48.0,2026-04-01
u0011,2026-02-12 18:18:40,click,61.0,2026-02-12
u0109,2026-04-12 02:49:32,view,152.0,2026-04-12
u0155,2026-04-19 10:26:44,login,18.0,2026-04-19
u0073,2026-03-17 15:11:50,purchase,81.0,2026-03-17
u0115,2026-02-22 22:23:34,purchase,31.0,2026-02-22
u0107,2026-01-06 13:03:43,login,462.0,2026-01-06
u0102,2026-03-15 16:26:40,view,21.0,2026-03-15
u0052,2026-04-09 07:32:40,scroll,44.0,2026-04-09
u0045,2026-03-05 03:29:35,click,33.0,2026-03-05
u0029,2026-01-16 12:58:42,login,37.0,2026-01-16
u0199,2026-02-18 10:15:58,scroll,64.0,2026-02-18
u0017,2026-01-25 19:44:21,scroll,37.0,2026-01-25
u0001,2026-04-15 09:23:23,login,607.0,2026-04-15
u0075,2026-04-19 22:59:16,scroll,17.0,2026-04-19
u0029,2026-03-06 17:31:44,click,103.0,2026-03-06
u0119,2026-04-20 21:04:55,purchase,43.0,2026-04-20
u0194,2026-02-11 11:57:32,login,6.0,2026-02-11
u0066,2026-02-19 01:03:03,login,23.0,2026-02-19
u0075,2026-04-13 23:43:25,scroll,276.0,2026-04-13
u0078,2026-03-14 22:28:56,purchase,35.0,2026-03-14
u0041,2026-02-14 02:59:27,login,7.0,2026-02-14
u0055,2026-01-18 14:11:00,click,97.0,2026-01-18
u0148,2026-03-06 21:21:41,view,18.0,2026-03-06
u0086,2026-03-11 16:43:20,purchase,133.0,2026-03-11
u0166,2026-01-03 22:51:53,scroll,52.0,2026-01-03
u0110,2026-01-01 21:34:25,scroll,168.0,2026-01-01
u0170,2026-02-22 11:43:31,purchase,4.0,2026-02-22
u0098,2026-01-25 06:06:01,view,36.0,2026-01-25
u0182,2026-04-24 14:03:22,view,37.0,2026-04-24
u0155,2026-03-04 01:05:09,login,220.0,2026-03-04
u0012,2026-04-15 10:39:05,scroll,76.0,2026-04-15
u0052,2026-01-02 02:18:40,purchase,8.0,2026-01-02
u0133,2026-02-10 22:17:20,view,24.0,2026-02-10
u0096,2026-03-31 15:38:44,login,327.0,2026-03-31
u0186,2026-03-30 21:44:25,purchase,30.0,2026-03-30
u0043,2026-03-22 03:50:54,click,95.0,2026-03-22
u0039,2026-02-20 07:34:59,scroll,9.0,2026-02-20
u0045,2026-02-27 10:06:53,view,39.0,2026-02-27
u0152,2026-04-13 03:51:41,click,12.0,2026-04-13
u0139,2026-01-26 02:30:57,click,182.0,2026-01-26
u0133,2026-01-28 02:55:24,click,44.0,2026-01-28
u0142,2026-03-17 10:22:16,scroll,202.0,2026-03-17
u0006,2026-03-29 09:43:46,view,32.0,2026-03-29
u0176,2026-01-08 05:39:54,scroll,59.0,2026-01-08
u0052,2026-03-09 09:46:21,scroll,71.0,2026-03-09
u0086,2026-03-31 06:29:56,click,14.0,2026-03-31
u0110,2026-02-09 12:38:09,view,166.0,2026-02-09
u0076,2026-03-15 07:05:46,scroll,24.0,2026-03-15
u0068,2026-04-13 08:04:15,login,114.0,2026-04-13
u0154,2026-01-24 22:23:19,purchase,92.0,2026-01-24
u0004,2026-04-17 00:15:12,scroll,187.0,2026-04-17
u0101,2026-01-09 15:30:22,click,40.0,2026-01-09
u0080,2026-03-13 01:37:58,scroll,15.0,2026-03-13
u0055,2026-01-22 15:57:23,click,62.0,2026-01-22
u0057,2026-02-03 02:21:49,purchase,39.0,2026-02-03
u0193,2026-04-21 13:46:39,view,25.0,2026-04-21
u0055,2026-01-13 10:09:40,login,395.0,2026-01-13
u0008,2026-03-09 04:07:50,scroll,36.0,2026-03-09
u0063,2026-03-21 03:29:15,click,13.0,2026-03-21
u0104,2026-02-26 18:08:14,scroll,82.0,2026-02-26
u0121,2026-02-09 02:34:42,scroll,36.0,2026-02-09
u0128,2026-04-13 21:52:34,view,139.0,2026-04-13
u0154,2026-02-24 14:57:50,scroll,138.0,2026-02-24
u0113,2026-02-12 04:27:00,view,56.0,2026-02-12
u0013,2026-01-07 12:50:50,login,60.0,2026-01-07
u0161,2026-02-22 11:40:17,scroll,52.0,2026-02-22
u0196,2026-04-02 04:16:30,login,13.0,2026-04-02
u0179,2026-04-26 22:39:02,view,21.0,2026-04-26
u0176,2026-03-02 04:00:07,click,47.0,2026-03-02
u0076,2026-04-07 05:38:37,purchase,67.0,2026-04-07
u0002,2026-03-26 19:44:30,view,43.0,2026-03-26
u0128,2026-01-09 18:10:20,view,204.0,2026-01-09
u0002,2026-04-04 13:32:53,login,22.0,2026-04-04
u0094,2026-02-17 01:23:08,purchase,22.0,2026-02-17
u0010,2026-04-29 19:56:23,login,48.0,2026-04-29
u0145,2026-03-23 14:17:27,view,35.0,2026-03-23
u0178,2026-02-05 07:16:01,purchase,32.0,2026-02-05
u0136,2026-03-16 21:00:55,click,36.0,2026-03-16
u0174,2026-02-07 03:56:35,scroll,65.0,2026-02-07
u0092,2026-02-08 21:49:58,click,86.0,2026-02-08
u0003,2026-02-15 07:15:03,view,13.0,2026-02-15
u0031,2026-03-11 01:12:15,click,54.0,2026-03-11
u0112,2026-04-26 14:33:39,purchase,52.0,2026-04-26
u0161,2026-03-19 12:34:49,scroll,17.0,2026-03-19
u0020,2026-04-02 04:43:42,login,37.0,2026-04-02
u0196,2026-04-18 03:44:23,login,116.0,2026-04-18
u0005,2026-01-17 03:38:09,purchase,35.0,2026-01-17
u0040,2026-02-28 11:33:02,view,64.0,2026-02-28
u0178,2026-02-05 07:17:17,login,119.0,2026-02-05
u0018,2026-04-24 19:36:24,scroll,13.0,2026-04-24
u0126,2026-04-21 21:16:01,login,136.0,2026-04-21
u0009,2026-04-10 12:26:35,click,378.0,2026-04-10
u0059,2026-04-24 21:12:31,click,72.0,2026-04-24
u0193,2026-04-12 10:49:07,purchase,15.0,2026-04-12
u0082,2026-01-31 01:08:30,click,45.0,2026-01-31
u0103,2026-02-24 20:30:22,click,74.0,2026-02-24
u0001,2026-01-31 06:50:14,click,166.0,2026-01-31
u0180,2026-01-11 03:02:59,click,98.0,2026-01-11
u0003,2026-03-22 13:08:27,click,246.0,2026-03-22
u0061,2026-03-14 18:10:03,click,293.0,2026-03-14
u0010,2026-04-11 17:45:44,scroll,125.0,2026-04-11
u0022,2026-03-10 05:47:55,scroll,24.0,2026-03-10
u0166,2026-02-08 14:49:22,purchase,118.0,2026-02-08
u0058,2026-04-02 12:40:34,scroll,74.0,2026-04-02
u0180,2026-04-20 02:17:54,view,23.0,2026-04-20
u0038,2026-04-29 15:56:08,click,40.0,2026-04-29
u0026,2026-04-20 15:48:04,click,50.0,2026-04-20
u0047,2026-02-20 22:53:16,purchase,119.0,2026-02-20
u0008,2026-01-20 17:57:43,purchase,180.0,2026-01-20
u0184,2026-04-12 06:18:37,click,23.0,2026-04-12
u0013,2026-01-23 07:38:46,scroll,48.0,2026-01-23
u0056,2026-03-25 16:05:52,scroll,47.0,2026-03-25
u0148,2026-02-24 23:02:36,purchase,57.0,2026-02-24
u0083,2026-04-15 18:21:14,login,65.0,2026-04-15
u0005,2026-04-22 01:51:15,view,21.0,2026-04-22
u0138,2026-04-23 17:30:43,view,567.0,2026-04-23
u0156,2026-04-27 02:23:29,view,10.0,2026-04-27
u0032,2026-01-29 21:31:29,scroll,396.0,2026-01-29
u0002,2026-02-06 19:29:09,view,65.0,2026-02-06
u0022,2026-01-11 10:20:06,click,25.0,2026-01-11
u0028,2026-02-18 15:49:45,scroll,159.0,2026-02-18
u0076,2026-02-27 04:27:24,scroll,74.0,2026-02-27
u0076,2026-02-19 21:30:59,click,62.0,2026-02-19
u0157,2026-04-27 11:00:35,login,29.0,2026-04-27
u0175,2026-04-05 08:56:51,view,10.0,2026-04-05
u0016,2026-02-26 01:08:25,view,11.0,2026-02-26
u0192,2026-01-07 07:46:43,click,35.0,2026-01-07
u0078,2026-04-30 12:09:34,purchase,110.0,2026-04-30
u0113,2026-01-14 15:12:05,login,34.0,2026-01-14
u0190,2026-01-17 02:28:46,scroll,38.0,2026-01-17
u0059,2026-04-30 23:42:36,click,58.0,2026-04-30
u0062,2026-02-17 20:00:45,purchase,54.0,2026-02-17
u0129,2026-04-04 20:50:07,scroll,122.0,2026-04-04
u0152,2026-03-10 07:10:00,view,246.0,2026-03-10
u0072,2026-04-27 01:58:44,login,14.0,2026-04-27
u0077,2026-03-21 19:00:51,view,33.0,2026-03-21
u0005,2026-01-13 18:23:37,click,18.0,2026-01-13
u0092,2026-01-29 10:01:49,login,181.0,2026-01-29
u0196,2026-02-20 12:57:43,purchase,188.0,2026-02-20
u0057,2026-01-23 15:05:44,scroll,169.0,2026-01-23
u0169,2026-03-14 12:59:33,purchase,26.0,2026-03-14
u0111,2026-04-21 08:29:32,click,117.0,2026-04-21
u0133,2026-03-09 13:54:55,purchase,14.0,2026-03-09
u0033,2026-02-27 19:36:38,scroll,58.0,2026-02-27
u0065,2026-04-19 12:58:22,view,94.0,2026-04-19
u0151,2026-02-11 19:39:35,scroll,8.0,2026-02-11
u0130,2026-04-18 16:45:13,click,77.0,2026-04-18
u0182,2026-04-04 18:43:30,purchase,67.0,2026-04-04
u0030,2026-04-11 08:22:53,scroll,145.0,2026-04-11
u0092,2026-04-26 15:20:31,view,14.0,2026-04-26
u0071,2026-01-27 04:27:30,login,302.0,2026-01-27
u0069,2026-04-16 11:06:24,click,126.0,2026-04-16
u0010,2026-04-02 05:18:17,login,47.0,2026-04-02
u0001,2026-03-18 06:17:39,view,23.0,2026-03-18
u0058,2026-04-12 05:21:55,scroll,82.0,2026-04-12
u0004,2026-04-28 04:41:46,view,160.0,2026-04-28
u0010,2026-03-13 02:12:28,login,66.0,2026-03-13
u0037,2026-03-25 23:19:22,scroll,47.0,2026-03-25
u0096,2026-04-12 17:19:09,login,43.0,2026-04-12
u0048,2026-04-22 17:45:15,purchase,117.0,2026-04-22
u0175,2026-04-23 22:44:49,purchase,12.0,2026-04-23
u0114,2026-03-11 22:03:17,login,121.0,2026-03-11
u0035,2026-01-14 17:44:38,login,112.0,2026-01-14
u0025,2026-01-13 06:05:40,login,10.0,2026-01-13
u0063,2026-03-08 01:08:31,login,21.0,2026-03-08
u0099,2026-04-07 02:06:29,login,31.0,2026-04-07
u0112,2026-01-23 09:13:12,login,187.0,2026-01-23
u0111,2026-04-02 02:20:56,click,71.0,2026-04-02
u0113,2026-04-01 03:39:53,login,190.0,2026-04-01
u0158,2026-01-01 19:27:26,login,78.0,2026-01-01
u0161,2026-04-13 15:32:38,purchase,139.0,2026-04-13
u0130,2026-01-19 18:01:49,click,8.0,2026-01-19
u0087,2026-04-18 21:56:19,purchase,57.0,2026-04-18
u0029,2026-04-19 06:30:37,scroll,132.0,2026-04-19
u0053,2026-04-20 05:26:28,view,28.0,2026-04-20
u0036,2026-01-07 06:24:50,click,80.0,2026-01-07
u0189,2026-03-10 14:30:50,purchase,10.0,2026-03-10
u0156,2026-03-18 20:45:55,click,82.0,2026-03-18
u0175,2026-01-28 14:30:16,view,18.0,2026-01-28
u0184,2026-01-05 16:18:53,view,26.0,2026-01-05
u0070,2026-01-22 00:55:53,view,20.0,2026-01-22
u0015,2026-02-12 18:59:00,login,12.0,2026-02-12
u0055,2026-04-22 22:21:04,click,63.0,2026-04-22
u0027,2026-01-14 22:40:06,scroll,41.0,2026-01-14
u0094,2026-01-01 03:50:45,login,204.0,2026-01-01
u0035,2026-03-28 08:47:19,login,94.0,2026-03-28
u0085,2026-04-08 04:56:04,click,115.0,2026-04-08
u0039,2026-01-06 13:19:38,click,42.0,2026-01-06
u0119,2026-04-18 14:56:50,click,22.0,2026-04-18
u0200,2026-04-22 18:39:04,click,431.0,2026-04-22
u0136,2026-04-08 13:00:34,purchase,145.0,2026-04-08
u0134,2026-01-13 19:14:19,purchase,26.0,2026-01-13
u0170,2026-02-23 06:25:32,scroll,118.0,2026-02-23
u0017,2026-03-25 11:08:16,purchase,55.0,2026-03-25
u0057,2026-04-24 09:56:56,login,155.0,2026-04-24
u0062,2026-01-24 11:39:27,login,52.0,2026-01-24
u0012,2026-04-09 19:35:45,purchase,44.0,2026-04-09
u0013,2026-04-01 16:30:19,view,81.0,2026-04-01
u0141,2026-04-10 11:22:20,view,22.0,2026-04-10
u0135,2026-04-09 18:02:31,view,204.0,2026-04-09
u0079,2026-04-05 11:34:05,view,21.0,2026-04-05
u0150,2026-02-06 18:24:03,login,13.0,2026-02-06
u0086,2026-04-27 01:10:20,scroll,59.0,2026-04-27
u0094,2026-02-26 05:39:48,scroll,25.0,2026-02-26
u0014,2026-04-14 23:32:18,view,13.0,2026-04-14
u0199,2026-01-24 13:34:26,click,83.0,2026-01-24
u0160,2026-03-11 02:48:10,scroll,43.0,2026-03-11
u0040,2026-01-04 00:41:44,purchase,17.0,2026-01-04
u0088,2026-02-13 20:16:23,click,56.0,2026-02-13
u0070,2026-01-28 23:48:53,purchase,50.0,2026-01-28
u0055,2026-04-02 10:09:20,login,11.0,2026-04-02
u0123,2026-01-13 16:43:59,view,67.0,2026-01-13
u0068,2026-03-29 16:45:03,login,33.0,2026-03-29
u0198,2026-01-13 00:17:28,login,70.0,2026-01-13
u0166,2026-03-30 23:23:25,click,35.0,2026-03-30
u0198,2026-04-07 15:43:41,view,55.0,2026-04-07
u0125,2026-02-14 01:20:16,login,129.0,2026-02-14
u0053,2026-02-16 10:40:54,purchase,58.0,2026-02-16
u0024,2026-01-16 11:34:59,login,122.0,2026-01-16
u0098,2026-01-07 07:39:53,purchase,151.0,2026-01-07
u0029,2026-04-27 07:17:59,scroll,51.0,2026-04-27
u0026,2026-04-03 23:56:15,purchase,177.0,2026-04-03
u0167,2026-01-23 09:20:29,click,24.0,2026-01-23
u0169,2026-03-12 13:10:47,login,14.0,2026-03-12
u0040,2026-02-24 00:49:38,view,86.0,2026-02-24
u0105,2026-03-14 13:52:20,view,22.0,2026-03-14
u0118,2026-01-31 13:12:20,login,104.0,2026-01-31
u0189,2026-04-05 18:32:57,login,49.0,2026-04-05
u0039,2026-02-26 23:06:10,click,31.0,2026-02-26
u0055,2026-03-05 11:05:58,purchase,138.0,2026-03-05
u0114,2026-04-23 04:45:13,purchase,21.0,2026-04-23
u0068,2026-02-25 10:52:41,scroll,92.0,2026-02-25
u0185,2026-02-03 13:24:59,click,11.0,2026-02-03
u0131,2026-04-30 23:03:40,purchase,46.0,2026-04-30
u0116,2026-02-05 02:55:55,view,43.0,2026-02-05
u0037,2026-03-07 22:50:27,purchase,23.0,2026-03-07
u0017,2026-04-10 08:23:19,purchase,57.0,2026-04-10
u0160,2026-01-20 03:05:26,scroll,304.0,2026-01-20
u0065,2026-03-29 07:33:55,login,42.0,2026-03-29
u0176,2026-02-25 13:40:41,view,99.0,2026-02-25
u0072,2026-01-05 17:54:55,click,14.0,2026-01-05
u0161,2026-01-09 05:34:59,click,123.0,2026-01-09
u0124,2026-03-28 10:35:53,login,26.0,2026-03-28
u0128,2026-04-26 09:35:59,view,62.0,2026-04-26
u0173,2026-02-15 04:44:48,view,17.0,2026-02-15
u0113,2026-03-10 06:43:30,purchase,117.0,2026-03-10
u0129,2026-02-18 07:58:40,login,67.0,2026-02-18
u0179,2026-02-20 21:27:53,purchase,7.0,2026-02-20
u0135,2026-03-17 07:33:36,purchase,63.0,2026-03-17
u0025,2026-02-22 09:09:22,view,70.0,2026-02-22
u0186,2026-01-18 07:29:22,click,12.0,2026-01-18
u0196,2026-04-22 09:39:14,click,13.0,2026-04-22
u0176,2026-03-03 01:47:22,purchase,66.0,2026-03-03
u0097,2026-03-02 18:55:29,login,23.0,2026-03-02
u0116,2026-03-07 11:13:40,scroll,52.0,2026-03-07
u0050,2026-04-10 01:05:09,login,83.0,2026-04-10
u0049,2026-02-07 18:39:35,click,166.0,2026-02-07
u0061,2026-01-27 17:03:01,view,54.0,2026-01-27
u0045,2026-04-07 12:15:22,scroll,38.0,2026-04-07
u0009,2026-02-04 20:46:38,click,40.0,2026-02-04
u0027,2026-02-09 19:47:01,view,61.0,2026-02-09
u0177,2026-01-16 07:16:58,click,236.0,2026-01-16
u0178,2026-01-05 07:11:26,purchase,15.0,2026-01-05
u0196,2026-03-16 11:40:58,click,97.0,2026-03-16
u0159,2026-03-21 03:05:30,click,207.0,2026-03-21
u0151,2026-03-08 23:22:38,login,60.0,2026-03-08
u0164,2026-04-10 23:03:51,login,95.0,2026-04-10
u0049,2026-01-30 21:17:45,scroll,13.0,2026-01-30
u0002,2026-02-14 12:40:43,purchase,26.0,2026-02-14
u0174,2026-01-27 08:45:57,purchase,41.0,2026-01-27
u0132,2026-03-14 20:58:04,login,31.0,2026-03-14
u0041,2026-03-28 02:59:31,scroll,139.0,2026-03-28
u0176,2026-03-03 02:20:25,scroll,244.0,2026-03-03
u0135,2026-01-21 05:09:08,click,9.0,2026-01-21
u0031,2026-02-07 00:13:27,click,111.0,2026-02-07
u0148,2026-04-10 21:43:31,click,31.0,2026-04-10
u0170,2026-03-11 07:24:25,click,447.0,2026-03-11
u0168,2026-02-04 06:29:38,click,62.0,2026-02-04
u0014,2026-01-20 10:52:02,purchase,57.0,2026-01-20
u0187,2026-03-22 06:38:34,scroll,77.0,2026-03-22
u0159,2026-02-01 01:40:52,login,39.0,2026-02-01
u0169,2026-01-08 18:00:18,click,17.0,2026-01-08
u0092,2026-04-25 17:53:06,scroll,9.0,2026-04-25
u0115,2026-02-06 04:12:59,login,169.0,2026-02-06
u0028,2026-01-24 10:54:00,login,51.0,2026-01-24
u0005,2026-01-13 21:06:19,click,11.0,2026-01-13
u0190,2026-02-13 03:53:46,login,268.0,2026-02-13
u0110,2026-04-17 17:19:09,purchase,80.0,2026-04-17
u0192,2026-01-23 05:19:39,purchase,37.0,2026-01-23
u0173,2026-03-22 07:05:12,login,17.0,2026-03-22
u0036,2026-02-04 13:53:50,login,4.0,2026-02-04
u0001,2026-02-20 21:00:54,purchase,78.0,2026-02-20
u0027,2026-04-29 06:12:09,scroll,60.0,2026-04-29
u0141,2026-02-09 18:48:23,login,53.0,2026-02-09
u0085,2026-04-21 21:24:08,click,128.0,2026-04-21
u0116,2026-02-14 03:56:03,view,64.0,2026-02-14
u0147,2026-04-11 07:58:40,click,18.0,2026-04-11
u0118,2026-04-19 20:16:28,view,12.0,2026-04-19
u0048,2026-04-10 19:31:06,click,405.0,2026-04-10
u0014,2026-01-04 20:42:27,scroll,41.0,2026-01-04
u0134,2026-02-22 06:33:24,view,9.0,2026-02-22
u0012,2026-04-09 03:21:37,purchase,221.0,2026-04-09
u0056,2026-03-08 03:12:01,view,24.0,2026-03-08
u0163,2026-03-07 16:23:33,view,97.0,2026-03-07
u0010,2026-02-22 09:38:07,click,9.0,2026-02-22
u0096,2026-01-21 10:26:40,click,21.0,2026-01-21
u0099,2026-01-25 18:21:26,click,42.0,2026-01-25
u0145,2026-01-28 22:51:14,click,30.0,2026-01-28
u0125,2026-03-29 01:15:31,click,11.0,2026-03-29
u0013,2026-03-15 14:34:12,view,157.0,2026-03-15
u0106,2026-04-22 21:13:50,click,840.0,2026-04-22
u0133,2026-01-10 15:52:13,login,56.0,2026-01-10
u0196,2026-04-28 01:05:30,login,128.0,2026-04-28
u0124,2026-03-01 02:40:23,purchase,145.0,2026-03-01
u0091,2026-01-26 05:37:01,purchase,56.0,2026-01-26
u0195,2026-02-04 02:15:33,login,75.0,2026-02-04
u0173,2026-01-05 02:57:13,login,43.0,2026-01-05
u0187,2026-03-30 16:18:08,login,5.0,2026-03-30
u0177,2026-03-23 18:14:49,scroll,69.0,2026-03-23
u0123,2026-03-31 04:52:41,click,12.0,2026-03-31
u0151,2026-02-11 21:24:26,scroll,45.0,2026-02-11
u0187,2026-02-09 07:47:45,login,39.0,2026-02-09
u0024,2026-03-26 23:09:44,purchase,1511.0,2026-03-26
u0031,2026-02-01 09:25:59,purchase,45.0,2026-02-01
u0141,2026-03-17 11:37:18,purchase,56.0,2026-03-17
u0151,2026-01-02 17:15:51,purchase,20.0,2026-01-02
u0091,2026-02-16 06:47:23,view,252.0,2026-02-16
u0174,2026-04-06 05:34:48,purchase,53.0,2026-04-06
u0044,2026-04-02 04:40:12,click,64.0,2026-04-02
u0102,2026-02-03 06:58:10,scroll,73.0,2026-02-03
u0028,2026-03-19 09:47:09,view,91.0,2026-03-19
u0132,2026-03-18 05:02:36,click,15.0,2026-03-18
u0085,2026-03-01 07:21:57,purchase,19.0,2026-03-01
u0060,2026-01-22 12:46:58,click,15.0,2026-01-22
u0172,2026-04-09 11:00:18,login,19.0,2026-04-09
u0019,2026-03-18 09:47:26,login,61.0,2026-03-18
u0080,2026-03-27 20:18:51,scroll,148.0,2026-03-27
u0156,2026-04-01 18:39:10,view,81.0,2026-04-01
u0106,2026-01-08 18:00:37,login,147.0,2026-01-08
u0009,2026-04-13 12:41:51,view,131.0,2026-04-13
u0196,2026-02-13 17:35:45,view,31.0,2026-02-13
u0084,2026-04-12 08:31:09,view,17.0,2026-04-12
u0143,2026-03-01 12:48:00,login,82.0,2026-03-01
u0138,2026-04-24 23:52:32,login,106.0,2026-04-24
u0194,2026-02-13 21:38:11,click,266.0,2026-02-13
u0083,2026-02-10 12:30:12,login,44.0,2026-02-10
u0105,2026-04-25 00:23:03,purchase,40.0,2026-04-25
u0035,2026-02-14 00:50:11,purchase,80.0,2026-02-14
u0126,2026-04-08 22:20:17,click,341.0,2026-04-08
u0122,2026-02-01 22:22:52,login,23.0,2026-02-01
u0070,2026-01-01 01:27:06,view,198.0,2026-01-01
u0159,2026-01-17 15:58:29,scroll,180.0,2026-01-17
u0156,2026-02-10 08:29:30,purchase,26.0,2026-02-10
u0137,2026-02-13 17:10:49,purchase,69.0,2026-02-13
u0028,2026-02-09 07:51:55,purchase,29.0,2026-02-09
u0092,2026-01-12 14:56:16,login,44.0,2026-01-12
u0040,2026-03-15 12:23:11,scroll,101.0,2026-03-15
u0049,2026-03-06 11:47:26,scroll,62.0,2026-03-06
u0122,2026-02-06 23:27:53,purchase,230.0,2026-02-06
u0192,2026-02-27 03:21:49,login,114.0,2026-02-27
u0037,2026-03-20 08:21:24,click,151.0,2026-03-20
u0116,2026-02-17 15:19:05,purchase,63.0,2026-02-17
u0056,2026-04-06 10:29:30,click,171.0,2026-04-06
u0123,2026-04-06 21:55:33,login,26.0,2026-04-06
u0150,2026-04-13 10:59:39,purchase,38.0,2026-04-13
u0050,2026-01-23 07:51:16,click,4.0,2026-01-23
u0127,2026-03-02 22:46:56,purchase,204.0,2026-03-02
u0018,2026-04-06 12:03:03,scroll,15.0,2026-04-06
u0120,2026-04-07 13:29:36,purchase,45.0,2026-04-07
u0174,2026-01-09 14:56:05,login,52.0,2026-01-09
u0101,2026-03-04 03:06:14,scroll,88.0,2026-03-04
u0117,2026-01-10 12:49:25,purchase,187.0,2026-01-10
u0032,2026-01-20 05:54:36,scroll,16.0,2026-01-20
u0054,2026-04-01 04:26:11,login,73.0,2026-04-01
u0171,2026-03-12 17:06:21,scroll,5.0,2026-03-12
u0004,2026-02-07 11:52:58,login,75.0,2026-02-07
u0034,2026-04-03 07:52:24,login,34.0,2026-04-03
u0103,2026-02-06 22:54:26,view,25.0,2026-02-06
u0033,2026-02-25 10:11:08,login,219.0,2026-02-25
u0008,2026-02-15 18:16:28,view,23.0,2026-02-15
u0124,2026-04-30 13:22:58,login,89.0,2026-04-30
u0113,2026-01-05 12:18:29,view,20.0,2026-01-05
u0048,2026-03-16 19:04:25,purchase,4.0,2026-03-16
u0168,2026-01-16 22:34:53,login,88.0,2026-01-16
u0030,2026-02-22 07:26:48,purchase,18.0,2026-02-22
u0132,2026-04-02 10:07:27,purchase,28.0,2026-04-02
u0140,2026-01-07 21:16:47,view,49.0,2026-01-07
u0139,2026-02-27 15:00:13,view,19.0,2026-02-27
u0062,2026-04-28 04:43:11,login,183.0,2026-04-28
u0014,2026-03-20 04:33:13,login,28.0,2026-03-20
u0119,2026-02-12 09:46:21,purchase,9.0,2026-02-12
u0064,2026-01-30 11:49:44,login,21.0,2026-01-30
u0146,2026-04-26 05:24:42,view,59.0,2026-04-26
u0178,2026-02-03 10:51:03,view,26.0,2026-02-03
u0135,2026-04-29 16:15:00,click,86.0,2026-04-29
u0010,2026-04-30 22:50:18,login,337.0,2026-04-30
u0187,2026-02-19 06:53:38,login,11.0,2026-02-19
u0123,2026-01-15 17:25:11,click,9.0,2026-01-15
u0177,2026-04-01 09:56:10,scroll,30.0,2026-04-01
u0080,2026-03-23 02:43:43,scroll,72.0,2026-03-23
u0109,2026-01-06 05:16:15,view,90.0,2026-01-06
u0011,2026-01-05 10:48:35,purchase,21.0,2026-01-05
u0122,2026-01-14 21:21:44,view,242.0,2026-01-14
u0058,2026-03-24 13:46:07,purchase,4.0,2026-03-24
u0172,2026-03-16 21:22:48,purchase,48.0,2026-03-16
u0070,2026-02-09 17:54:32,scroll,205.0,2026-02-09
u0099,2026-01-27 22:16:16,click,113.0,2026-01-27
u0196,2026-02-01 20:42:38,view,47.0,2026-02-01
u0117,2026-02-17 06:07:35,view,9.0,2026-02-17
u0010,2026-02-09 01:31:16,scroll,331.0,2026-02-09
u0165,2026-02-25 19:39:24,click,71.0,2026-02-25
u0069,2026-03-24 10:16:39,login,389.0,2026-03-24
u0168,2026-02-06 00:59:47,purchase,31.0,2026-02-06
u0105,2026-02-02 03:37:17,login,212.0,2026-02-02
u0055,2026-03-26 03:55:21,login,169.0,2026-03-26
u0115,2026-04-09 13:23:05,scroll,88.0,2026-04-09
u0112,2026-02-13 08:59:42,scroll,114.0,2026-02-13
u0074,2026-04-19 16:54:05,login,205.0,2026-04-19
u0162,2026-03-29 23:15:33,login,22.0,2026-03-29
u0070,2026-03-01 20:24:30,scroll,8.0,2026-03-01
u0167,2026-02-06 07:31:44,purchase,21.0,2026-02-06
u0122,2026-04-02 07:35:17,view,8.0,2026-04-02
u0192,2026-03-19 13:07:43,click,111.0,2026-03-19
u0075,2026-02-10 14:34:55,login,40.0,2026-02-10
u0081,2026-02-23 02:49:51,view,25.0,2026-02-23
u0130,2026-03-02 14:10:06,scroll,19.0,2026-03-02
u0077,2026-04-29 02:54:43,scroll,104.0,2026-04-29
u0188,2026-03-14 12:20:22,view,52.0,2026-03-14
u0004,2026-03-22 00:08:10,click,56.0,2026-03-22
u0007,2026-01-20 05:26:06,login,42.0,2026-01-20
u0039,2026-02-05 10:12:43,login,34.0,2026-02-05
u0126,2026-03-26 09:03:03,click,199.0,2026-03-26
u0139,2026-03-10 15:53:36,click,37.0,2026-03-10
u0159,2026-01-04 07:55:50,click,118.0,2026-01-04
u0154,2026-02-18 21:10:29,purchase,299.0,2026-02-18
u0017,2026-02-08 18:00:18,scroll,107.0,2026-02-08
u0148,2026-01-12 01:04:44,purchase,292.0,2026-01-12
u0132,2026-01-20 14:21:39,scroll,189.0,2026-01-20
u0063,2026-01-22 16:05:17,view,242.0,2026-01-22
u0030,2026-03-06 03:19:08,click,32.0,2026-03-06
u0198,2026-03-17 13:14:07,scroll,20.0,2026-03-17
u0052,2026-04-08 16:30:03,scroll,82.0,2026-04-08
u0047,2026-03-16 17:09:38,login,219.0,2026-03-16
u0094,2026-02-20 17:35:36,view,15.0,2026-02-20
u0067,2026-01-18 12:35:18,purchase,13.0,2026-01-18
u0158,2026-04-02 20:35:53,purchase,202.0,2026-04-02
u0099,2026-03-06 21:17:23,view,264.0,2026-03-06
u0105,2026-04-17 19:03:48,purchase,43.0,2026-04-17
u0172,2026-02-11 04:02:28,login,16.0,2026-02-11
u0163,2026-04-02 04:13:48,scroll,240.0,2026-04-02
u0085,2026-02-14 02:56:02,scroll,24.0,2026-02-14
u0100,2026-02-23 10:23:48,purchase,12.0,2026-02-23
u0075,2026-04-14 08:38:41,login,12.0,2026-04-14
u0122,2026-02-09 19:10:35,login,117.0,2026-02-09
u0116,2026-03-12 01:44:22,scroll,40.0,2026-03-12
u0014,2026-01-14 12:22:58,login,27.0,2026-01-14
u0049,2026-04-01 03:54:51,scroll,264.0,2026-04-01
u0085,2026-01-13 16:03:02,purchase,36.0,2026-01-13
u0060,2026-04-18 04:28:42,click,117.0,2026-04-18
u0135,2026-03-17 04:46:42,login,23.0,2026-03-17
u0005,2026-02-19 13:43:05,purchase,114.0,2026-02-19
u0024,2026-02-22 08:33:09,scroll,60.0,2026-02-22
u0074,2026-02-09 05:47:03,view,61.0,2026-02-09
u0018,2026-02-03 15:12:00,scroll,23.0,2026-02-03
u0115,2026-02-18 09:58:04,purchase,65.0,2026-02-18
u0146,2026-01-06 21:25:20,login,32.0,2026-01-06
u0079,2026-04-17 05:03:28,click,44.0,2026-04-17
u0029,2026-02-02 17:29:44,view,72.0,2026-02-02
u0001,2026-04-04 09:44:49,scroll,107.0,2026-04-04
u0197,2026-04-10 17:22:57,click,35.0,2026-04-10
u0200,2026-02-05 09:49:31,click,85.0,2026-02-05
u0198,2026-03-23 19:44:07,scroll,15.0,2026-03-23
u0143,2026-04-21 09:54:12,login,30.0,2026-04-21
u0187,2026-02-06 11:55:17,view,115.0,2026-02-06
u0194,2026-01-20 19:14:47,click,54.0,2026-01-20
u0073,2026-04-16 00:20:07,login,31.0,2026-04-16
u0161,2026-02-27 15:04:11,click,37.0,2026-02-27
u0055,2026-03-31 03:57:46,purchase,67.0,2026-03-31
u0014,2026-02-14 00:46:10,click,279.0,2026-02-14
u0167,2026-03-22 19:45:30,click,36.0,2026-03-22
u0169,2026-04-19 16:34:36,login,25.0,2026-04-19
u0131,2026-04-19 16:16:30,scroll,19.0,2026-04-19
u0015,2026-02-11 05:28:15,click,297.0,2026-02-11
u0111,2026-01-08 00:47:44,purchase,29.0,2026-01-08
u0022,2026-01-01 06:47:49,click,186.0,2026-01-01
u0047,2026-04-06 02:04:42,login,35.0,2026-04-06
u0190,2026-01-20 08:04:47,view,90.0,2026-01-20
u0183,2026-02-23 02:59:10,scroll,88.0,2026-02-23
u0043,2026-04-16 18:53:45,view,62.0,2026-04-16
u0145,2026-02-12 21:02:24,view,180.0,2026-02-12
u0077,2026-01-20 21:02:08,login,45.0,2026-01-20
u0102,2026-02-13 09:22:13,login,33.0,2026-02-13
u0078,2026-02-28 06:41:35,click,7.0,2026-02-28
u0144,2026-04-22 08:22:21,purchase,84.0,2026-04-22
u0064,2026-04-17 09:33:48,scroll,73.0,2026-04-17
u0119,2026-03-24 19:46:37,click,21.0,2026-03-24
u0136,2026-04-05 02:56:23,purchase,101.0,2026-04-05
u0070,2026-02-26 14:19:24,scroll,743.0,2026-02-26
u0014,2026-02-16 12:47:55,login,45.0,2026-02-16
u0155,2026-02-13 13:07:51,scroll,50.0,2026-02-13
u0074,2026-04-22 03:07:19,click,94.0,2026-04-22
u0159,2026-02-18 01:07:04,login,56.0,2026-02-18
u0146,2026-02-24 12:30:45,login,6.0,2026-02-24
u0141,2026-03-06 21:20:24,view,162.0,2026-03-06
u0111,2026-03-17 22:07:13,view,97.0,2026-03-17
u0078,2026-01-02 20:18:50,login,100.0,2026-01-02
u0166,2026-04-08 12:14:55,purchase,92.0,2026-04-08
u0189,2026-03-04 07:58:28,view,84.0,2026-03-04
u0086,2026-01-07 00:34:44,login,19.0,2026-01-07
u0033,2026-04-23 08:12:53,purchase,40.0,2026-04-23
u0003,2026-03-05 06:17:29,view,50.0,2026-03-05
u0130,2026-01-13 23:56:17,view,102.0,2026-01-13
u0090,2026-01-04 20:15:52,view,26.0,2026-01-04
u0193,2026-01-15 22:09:06,click,79.0,2026-01-15
u0188,2026-03-07 20:18:49,view,38.0,2026-03-07
u0180,2026-03-10 15:18:54,scroll,35.0,2026-03-10
u0171,2026-04-30 13:05:44,purchase,20.0,2026-04-30
u0059,2026-01-16 23:13:49,purchase,66.0,2026-01-16
u0173,2026-03-23 16:57:46,purchase,17.0,2026-03-23
u0065,2026-04-08 20:13:32,scroll,106.0,2026-04-08
u0149,2026-02-01 17:42:55,scroll,19.0,2026-02-01
u0122,2026-01-26 20:08:35,login,111.0,2026-01-26
u0176,2026-01-10 00:25:23,click,102.0,2026-01-10
u0068,2026-02-10 02:42:24,click,151.0,2026-02-10
u0076,2026-01-15 13:37:11,click,16.0,2026-01-15
u0123,2026-02-04 13:31:42,view,108.0,2026-02-04
u0065,2026-04-03 13:30:32,click,29.0,2026-04-03
u0048,2026-01-18 08:40:49,purchase,72.0,2026-01-18
u0158,2026-03-28 15:24:41,view,379.0,2026-03-28
u0018,2026-01-21 20:50:03,login,85.0,2026-01-21
u0034,2026-02-11 10:09:21,login,85.0,2026-02-11
u0010,2026-02-01 05:42:34,view,133.0,2026-02-01
u0179,2026-03-06 12:41:26,view,20.0,2026-03-06
u0030,2026-04-30 21:25:51,scroll,19.0,2026-04-30
u0041,2026-02-27 19:45:21,scroll,20.0,2026-02-27
u0045,2026-03-06 22:26:11,purchase,280.0,2026-03-06
u0160,2026-01-28 07:42:34,purchase,60.0,2026-01-28
u0200,2026-03-15 03:14:20,view,60.0,2026-03-15
u0071,2026-04-09 02:46:19,click,32.0,2026-04-09
u0060,2026-04-23 00:51:18,purchase,333.0,2026-04-23
u0073,2026-01-21 14:42:36,purchase,113.0,2026-01-21
u0180,2026-03-10 18:37:07,purchase,109.0,2026-03-10
u0017,2026-02-14 13:56:42,purchase,61.0,2026-02-14
u0025,2026-04-12 13:28:29,click,40.0,2026-04-12
u0053,2026-02-25 18:56:14,login,40.0,2026-02-25
u0031,2026-02-13 02:29:58,login,168.0,2026-02-13
u0103,2026-02-12 15:59:17,login,131.0,2026-02-12
u0042,2026-01-21 20:23:55,scroll,674.0,2026-01-21
u0011,2026-02-17 14:43:49,purchase,91.0,2026-02-17
u0075,2026-02-10 19:51:11,login,119.0,2026-02-10
u0188,2026-01-28 22:53:35,login,58.0,2026-01-28
u0196,2026-03-23 05:32:50,click,173.0,2026-03-23
u0117,2026-04-15 10:10:57,scroll,51.0,2026-04-15
u0056,2026-04-22 17:24:59,click,60.0,2026-04-22
u0004,2026-03-22 04:26:35,login,3.0,2026-03-22
u0056,2026-01-23 10:03:18,view,77.0,2026-01-23
u0011,2026-03-08 01:02:13,click,43.0,2026-03-08
u0163,2026-03-02 00:49:04,login,42.0,2026-03-02
u0027,2026-02-28 21:58:10,click,162.0,2026-02-28
u0121,2026-03-22 07:00:10,click,214.0,2026-03-22
u0072,2026-01-16 05:25:15,view,121.0,2026-01-16
u0101,2026-02-02 12:30:32,login,117.0,2026-02-02
u0165,2026-03-22 20:00:29,click,59.0,2026-03-22
u0041,2026-04-29 18:36:36,login,73.0,2026-04-29
u0016,2026-04-06 01:45:46,click,234.0,2026-04-06
u0132,2026-03-15 01:20:28,purchase,57.0,2026-03-15
u0170,2026-04-08 16:06:45,click,34.0,2026-04-08
u0091,2026-03-23 11:42:46,click,36.0,2026-03-23
u0120,2026-02-01 09:42:54,scroll,12.0,2026-02-01
u0006,2026-03-07 20:08:51,login,91.0,2026-03-07
u0099,2026-04-17 12:01:10,view,39.0,2026-04-17
u0006,2026-01-15 13:28:04,login,5.0,2026-01-15
u0001,2026-04-20 16:48:17,login,63.0,2026-04-20
u0125,2026-02-25 20:50:57,login,48.0,2026-02-25
u0052,2026-02-12 12:52:47,scroll,51.0,2026-02-12
u0077,2026-01-04 08:19:01,login,32.0,2026-01-04
u0102,2026-02-01 23:14:43,view,29.0,2026-02-01
u0014,2026-01-07 11:29:28,scroll,47.0,2026-01-07
u0082,2026-03-16 19:22:34,login,33.0,2026-03-16
u0064,2026-01-07 08:21:32,click,125.0,2026-01-07
u0063,2026-03-27 11:12:29,purchase,98.0,2026-03-27
u0085,2026-04-09 10:24:39,view,13.0,2026-04-09
u0072,2026-01-09 23:44:29,click,112.0,2026-01-09
u0131,2026-04-04 00:52:56,click,37.0,2026-04-04
u0162,2026-01-05 06:43:37,login,96.0,2026-01-05
u0199,2026-04-13 16:58:09,click,33.0,2026-04-13
u0125,2026-04-23 11:16:10,view,40.0,2026-04-23
u0187,2026-01-24 15:46:19,purchase,471.0,2026-01-24
u0031,2026-04-11 11:12:34,view,184.0,2026-04-11
u0055,2026-03-05 05:10:02,login,20.0,2026-03-05
u0149,2026-04-29 22:37:53,scroll,37.0,2026-04-29
u0157,2026-01-14 15:59:21,purchase,27.0,2026-01-14
u0126,2026-04-03 17:13:30,scroll,19.0,2026-04-03
u0199,2026-02-03 17:29:52,view,139.0,2026-02-03
u0079,2026-04-25 12:31:02,click,38.0,2026-04-25
u0057,2026-01-23 07:28:41,click,214.0,2026-01-23
u0146,2026-01-15 02:16:29,purchase,22.0,2026-01-15
u0071,2026-04-20 16:39:55,purchase,43.0,2026-04-20
u0003,2026-01-16 23:15:10,click,57.0,2026-01-16
u0121,2026-03-21 15:27:23,purchase,35.0,2026-03-21
u0098,2026-01-02 00:58:26,scroll,574.0,2026-01-02
u0035,2026-03-13 22:31:31,view,42.0,2026-03-13
u0025,2026-03-08 16:53:11,purchase,14.0,2026-03-08
u0017,2026-03-21 17:22:16,click,31.0,2026-03-21
u0176,2026-04-22 05:11:53,click,25.0,2026-04-22
u0055,2026-02-14 10:52:10,view,81.0,2026-02-14
u0066,2026-03-22 01:09:51,click,16.0,2026-03-22
u0043,2026-01-06 22:53:40,scroll,135.0,2026-01-06
u0054,2026-02-28 21:14:32,purchase,54.0,2026-02-28
u0169,2026-04-16 05:45:38,login,38.0,2026-04-16
u0080,2026-02-09 05:48:37,login,208.0,2026-02-09
u0017,2026-01-03 04:29:04,purchase,17.0,2026-01-03
u0164,2026-02-21 18:20:11,purchase,37.0,2026-02-21
u0001,2026-04-10 02:47:05,purchase,154.0,2026-04-10
u0038,2026-04-17 18:28:36,login,53.0,2026-04-17
u0039,2026-02-03 02:50:19,click,33.0,2026-02-03
u0173,2026-03-13 18:04:50,click,37.0,2026-03-13
u0154,2026-03-18 16:47:18,scroll,45.0,2026-03-18
u0178,2026-04-16 16:08:55,view,22.0,2026-04-16
u0054,2026-04-28 08:13:52,purchase,9.0,2026-04-28
u0081,2026-02-02 21:49:45,login,170.0,2026-02-02
u0132,2026-02-14 10:25:06,purchase,30.0,2026-02-14
u0088,2026-04-04 09:39:21,purchase,89.0,2026-04-04
u0059,2026-03-20 21:43:04,purchase,316.0,2026-03-20
u0061,2026-04-22 15:13:40,scroll,45.0,2026-04-22
u0078,2026-04-20 22:19:49,click,88.0,2026-04-20
u0095,2026-02-03 13:19:52,purchase,14.0,2026-02-03
u0102,2026-02-28 18:05:38,scroll,210.0,2026-02-28
u0032,2026-02-21 19:12:31,scroll,378.0,2026-02-21
u0033,2026-04-02 00:34:46,click,12.0,2026-04-02
u0088,2026-03-26 20:13:44,click,83.0,2026-03-26
u0034,2026-01-20 23:02:26,login,163.0,2026-01-20
u0049,2026-02-14 21:50:51,click,67.0,2026-02-14
u0115,2026-01-26 20:47:48,scroll,47.0,2026-01-26
u0069,2026-04-05 03:14:17,click,52.0,2026-04-05
u0046,2026-02-05 21:56:04,purchase,50.0,2026-02-05
u0083,2026-02-25 11:45:39,scroll,46.0,2026-02-25
u0183,2026-03-06 00:26:02,login,17.0,2026-03-06
u0123,2026-03-24 22:14:11,click,69.0,2026-03-24
u0097,2026-01-08 22:16:47,view,99.0,2026-01-08
u0096,2026-04-02 21:57:50,scroll,86.0,2026-04-02
u0025,2026-02-28 23:50:19,view,15.0,2026-02-28
u0103,2026-04-05 14:26:44,purchase,80.0,2026-04-05
u0065,2026-03-29 04:49:32,scroll,40.0,2026-03-29
u0084,2026-01-21 09:47:19,click,14.0,2026-01-21
u0063,2026-01-12 07:44:51,view,113.0,2026-01-12
u0133,2026-01-18 19:07:38,login,272.0,2026-01-18
u0047,2026-03-06 00:41:38,login,69.0,2026-03-06
u0117,2026-01-25 07:11:50,scroll,44.0,2026-01-25
u0136,2026-02-06 21:11:58,view,33.0,2026-02-06
u0082,2026-03-14 03:41:57,view,200.0,2026-03-14
u0055,2026-03-20 20:41:14,view,95.0,2026-03-20
u0144,2026-04-05 11:41:48,click,93.0,2026-04-05
u0060,2026-03-24 13:32:41,view,117.0,2026-03-24
u0062,2026-03-22 20:42:26,click,225.0,2026-03-22
u0189,2026-04-09 11:57:31,login,65.0,2026-04-09
u0027,2026-02-27 20:01:46,login,49.0,2026-02-27
u0101,2026-01-20 19:44:11,view,175.0,2026-01-20
u0011,2026-04-29 20:11:23,scroll,75.0,2026-04-29
u0149,2026-02-22 04:06:48,purchase,27.0,2026-02-22
u0047,2026-01-22 12:03:46,purchase,20.0,2026-01-22
u0124,2026-01-25 03:35:57,login,3.0,2026-01-25
u0133,2026-04-28 03:41:38,click,25.0,2026-04-28
u0184,2026-01-08 19:29:02,login,31.0,2026-01-08
u0046,2026-04-11 08:29:04,view,117.0,2026-04-11
u0178,2026-01-21 12:30:48,purchase,9.0,2026-01-21
u0147,2026-03-25 21:49:07,click,224.0,2026-03-25
u0177,2026-04-02 01:49:53,login,33.0,2026-04-02
u0200,2026-03-13 05:56:29,purchase,16.0,2026-03-13
u0047,2026-01-08 11:18:49,scroll,11.0,2026-01-08
u0190,2026-04-29 18:13:08,scroll,128.0,2026-04-29
u0139,2026-03-18 18:35:52,purchase,129.0,2026-03-18
u0090,2026-02-07 18:35:53,purchase,81.0,2026-02-07
u0009,2026-01-03 03:36:16,view,52.0,2026-01-03
u0024,2026-01-27 02:57:20,login,55.0,2026-01-27
u0064,2026-03-26 06:59:24,purchase,187.0,2026-03-26
u0093,2026-01-01 23:07:47,view,32.0,2026-01-01
u0051,2026-04-19 04:35:34,login,24.0,2026-04-19
u0118,2026-01-12 00:12:04,scroll,20.0,2026-01-12
u0067,2026-04-09 18:21:54,purchase,149.0,2026-04-09
u0060,2026-03-03 19:15:42,view,224.0,2026-03-03
u0146,2026-02-20 01:33:49,view,99.0,2026-02-20
u0149,2026-02-12 10:37:28,purchase,76.0,2026-02-12
u0066,2026-04-26 03:18:29,login,84.0,2026-04-26
u0056,2026-03-24 06:02:24,login,151.0,2026-03-24
u0007,2026-01-17 14:38:20,purchase,109.0,2026-01-17
u0196,2026-03-18 06:59:42,login,23.0,2026-03-18
u0058,2026-02-12 20:29:22,view,120.0,2026-02-12
u0020,2026-02-05 16:50:18,click,283.0,2026-02-05
u0179,2026-04-29 18:23:38,purchase,166.0,2026-04-29
u0017,2026-03-07 06:59:38,login,32.0,2026-03-07
u0005,2026-04-23 09:08:04,click,77.0,2026-04-23
u0081,2026-03-22 22:45:17,click,17.0,2026-03-22
u0168,2026-04-11 15:40:40,login,46.0,2026-04-11
u0166,2026-04-20 04:47:04,login,265.0,2026-04-20
u0059,2026-04-29 04:03:53,view,163.0,2026-04-29
u0164,2026-04-03 09:57:01,purchase,72.0,2026-04-03
u0018,2026-04-19 18:17:23,scroll,100.0,2026-04-19
u0121,2026-02-26 04:01:18,click,51.0,2026-02-26
u0027,2026-03-11 01:06:20,click,127.0,2026-03-11
u0198,2026-04-04 12:03:22,login,192.0,2026-04-04
u0169,2026-04-09 22:30:31,click,271.0,2026-04-09
u0079,2026-03-27 18:54:33,click,79.0,2026-03-27
u0191,2026-04-04 23:51:58,view,45.0,2026-04-04
u0052,2026-02-10 19:28:41,scroll,48.0,2026-02-10
u0071,2026-03-16 08:45:29,click,18.0,2026-03-16
u0158,2026-04-07 22:46:00,login,24.0,2026-04-07
u0169,2026-04-10 16:21:16,login,664.0,2026-04-10
u0089,2026-03-20 11:08:03,login,131.0,2026-03-20
u0086,2026-01-24 18:10:56,login,20.0,2026-01-24
u0103,2026-03-10 21:55:47,click,5.0,2026-03-10
u0064,2026-02-21 20:13:40,scroll,20.0,2026-02-21
u0171,2026-03-21 13:57:14,scroll,8.0,2026-03-21
u0054,2026-03-02 13:28:54,view,85.0,2026-03-02
u0110,2026-04-12 11:05:43,scroll,61.0,2026-04-12
u0110,2026-01-20 00:51:09,purchase,90.0,2026-01-20
u0135,2026-01-06 22:04:41,view,72.0,2026-01-06
u0003,2026-02-08 06:20:45,view,308.0,2026-02-08
u0191,2026-01-10 09:26:44,purchase,24.0,2026-01-10
u0001,2026-03-13 13:53:14,view,23.0,2026-03-13
u0055,2026-01-11 14:17:12,scroll,47.0,2026-01-11
u0190,2026-02-08 20:37:30,login,144.0,2026-02-08
u0057,2026-04-28 18:14:21,view,36.0,2026-04-28
u0092,2026-03-05 05:34:01,purchase,21.0,2026-03-05
u0107,2026-01-28 01:56:31,scroll,55.0,2026-01-28
u0123,2026-04-01 13:44:17,login,10.0,2026-04-01
u0063,2026-01-03 09:49:27,click,16.0,2026-01-03
u0052,2026-04-09 07:53:39,click,88.0,2026-04-09
u0061,2026-04-19 20:17:04,scroll,63.0,2026-04-19
u0024,2026-04-26 18:30:08,purchase,61.0,2026-04-26
u0193,2026-04-27 07:22:05,view,100.0,2026-04-27
u0142,2026-02-15 14:16:38,click,79.0,2026-02-15
u0174,2026-03-18 19:00:03,login,589.0,2026-03-18
u0121,2026-01-25 18:08:44,login,115.0,2026-01-25
u0192,2026-01-10 12:15:28,view,126.0,2026-01-10
u0180,2026-04-23 10:39:27,scroll,64.0,2026-04-23
u0169,2026-02-25 02:19:58,click,158.0,2026-02-25
u0179,2026-04-14 11:05:40,click,76.0,2026-04-14
u0194,2026-01-13 05:42:02,view,41.0,2026-01-13
u0163,2026-01-15 16:36:46,view,39.0,2026-01-15
u0031,2026-01-10 19:28:55,scroll,17.0,2026-01-10
u0198,2026-03-24 21:11:06,view,25.0,2026-03-24
u0131,2026-03-21 05:20:23,view,93.0,2026-03-21
u0146,2026-03-25 13:04:19,view,127.0,2026-03-25
u0035,2026-04-25 14:15:34,view,43.0,2026-04-25
u0172,2026-03-07 05:14:33,scroll,30.0,2026-03-07
u0147,2026-04-08 13:36:09,view,19.0,2026-04-08
u0093,2026-03-19 05:37:43,purchase,23.0,2026-03-19
u0144,2026-04-25 03:53:19,login,62.0,2026-04-25
u0045,2026-03-04 11:02:57,click,33.0,2026-03-04
u0116,2026-01-17 00:32:16,login,28.0,2026-01-17
u0092,2026-03-02 08:35:31,view,25.0,2026-03-02
u0143,2026-01-30 02:50:01,click,18.0,2026-01-30
u0182,2026-03-29 15:19:08,scroll,9.0,2026-03-29
u0183,2026-03-29 09:36:48,scroll,187.0,2026-03-29
u0047,2026-01-24 01:11:18,click,14.0,2026-01-24
u0004,2026-02-28 00:21:45,scroll,71.0,2026-02-28
u0099,2026-03-17 14:41:24,click,36.0,2026-03-17
u0047,2026-03-05 08:56:45,scroll,86.0,2026-03-05
u0147,2026-03-29 15:36:30,click,30.0,2026-03-29
u0028,2026-03-29 19:53:03,view,203.0,2026-03-29
u0179,2026-01-29 21:50:39,login,26.0,2026-01-29
u0162,2026-02-28 05:45:04,login,154.0,2026-02-28
u0144,2026-01-14 03:15:59,click,105.0,2026-01-14
u0029,2026-02-08 07:31:24,scroll,160.0,2026-02-08
u0177,2026-04-06 21:52:26,scroll,114.0,2026-04-06
u0114,2026-02-01 14:00:54,click,14.0,2026-02-01
u0033,2026-01-03 08:33:43,purchase,322.0,2026-01-03
u0186,2026-04-10 07:47:40,click,31.0,2026-04-10
u0160,2026-01-29 01:58:13,click,47.0,2026-01-29
u0125,2026-02-04 17:07:38,scroll,130.0,2026-02-04
u0147,2026-03-29 16:23:14,purchase,44.0,2026-03-29
u0101,2026-04-07 20:47:23,scroll,157.0,2026-04-07
u0176,2026-01-28 19:10:36,scroll,17.0,2026-01-28
u0065,2026-03-27 13:13:21,scroll,11.0,2026-03-27
u0084,2026-01-13 18:17:22,click,44.0,2026-01-13
u0131,2026-04-04 18:13:57,click,26.0,2026-04-04
u0046,2026-01-15 11:20:57,click,46.0,2026-01-15
u0172,2026-02-02 10:51:50,scroll,161.0,2026-02-02
u0122,2026-04-14 08:18:25,scroll,6.0,2026-04-14
u0079,2026-03-03 14:21:03,view,74.0,2026-03-03
u0011,2026-04-30 12:19:41,login,29.0,2026-04-30
u0103,2026-04-25 09:31:09,view,24.0,2026-04-25
u0013,2026-04-26 00:08:10,purchase,31.0,2026-04-26
u0027,2026-03-07 04:41:53,purchase,13.0,2026-03-07
u0166,2026-03-12 09:22:08,view,18.0,2026-03-12
u0059,2026-01-04 17:53:00,view,46.0,2026-01-04
u0181,2026-01-25 08:50:32,purchase,117.0,2026-01-25
u0045,2026-02-08 10:38:21,purchase,70.0,2026-02-08
u0078,2026-04-02 19:56:25,scroll,23.0,2026-04-02
u0033,2026-02-15 23:02:37,scroll,216.0,2026-02-15
u0007,2026-03-23 16:36:34,scroll,104.0,2026-03-23
u0198,2026-01-26 10:12:33,purchase,31.0,2026-01-26
u0089,2026-02-12 19:16:06,purchase,20.0,2026-02-12
u0061,2026-02-27 22:31:10,login,10.0,2026-02-27
u0165,2026-01-31 23:26:56,view,86.0,2026-01-31
u0146,2026-04-15 07:31:40,click,134.0,2026-04-15
u0034,2026-03-20 17:39:45,login,81.0,2026-03-20
u0151,2026-04-10 21:44:23,login,20.0,2026-04-10
u0145,2026-01-30 04:54:12,login,55.0,2026-01-30
u0038,2026-04-04 01:43:47,purchase,39.0,2026-04-04
u0104,2026-02-05 22:04:12,login,93.0,2026-02-05
u0142,2026-04-12 14:11:33,login,64.0,2026-04-12
u0042,2026-01-06 18:35:02,scroll,14.0,2026-01-06
u0068,2026-01-03 04:00:03,view,57.0,2026-01-03
u0046,2026-04-09 01:11:14,click,32.0,2026-04-09
u0146,2026-02-21 14:52:23,view,21.0,2026-02-21
u0031,2026-03-25 21:00:31,scroll,76.0,2026-03-25
u0149,2026-03-09 04:29:05,view,52.0,2026-03-09
u0044,2026-02-07 18:09:45,view,50.0,2026-02-07
u0094,2026-03-01 02:55:32,click,7.0,2026-03-01
u0027,2026-01-15 06:34:13,login,162.0,2026-01-15
u0105,2026-04-03 23:16:15,scroll,144.0,2026-04-03
u0061,2026-03-18 11:37:03,scroll,269.0,2026-03-18
u0058,2026-02-13 00:34:05,scroll,25.0,2026-02-13
u0183,2026-04-14 17:22:01,login,25.0,2026-04-14
u0052,2026-04-22 10:19:23,purchase,32.0,2026-04-22
u0069,2026-02-20 21:01:01,view,244.0,2026-02-20
u0002,2026-03-01 02:44:27,login,11.0,2026-03-01
u0092,2026-03-22 02:17:18,scroll,62.0,2026-03-22
u0104,2026-02-13 06:46:05,purchase,103.0,2026-02-13
u0126,2026-01-02 15:45:09,purchase,34.0,2026-01-02
u0065,2026-02-12 22:20:48,login,68.0,2026-02-12
u0037,2026-04-21 18:29:17,click,22.0,2026-04-21
u0009,2026-02-08 17:09:18,login,37.0,2026-02-08
u0192,2026-03-21 08:09:47,scroll,126.0,2026-03-21
u0158,2026-02-22 13:15:01,purchase,54.0,2026-02-22
u0151,2026-04-02 21:18:38,click,78.0,2026-04-02
u0077,2026-03-10 09:04:42,scroll,158.0,2026-03-10
u0047,2026-04-20 13:37:07,scroll,117.0,2026-04-20
u0092,2026-01-01 20:41:14,scroll,64.0,2026-01-01
u0121,2026-01-15 07:42:33,scroll,121.0,2026-01-15
u0116,2026-03-29 19:23:16,login,42.0,2026-03-29
u0199,2026-03-02 20:08:47,view,4.0,2026-03-02
u0061,2026-04-15 20:17:21,purchase,183.0,2026-04-15
u0054,2026-04-15 19:17:01,click,230.0,2026-04-15
u0122,2026-01-16 16:09:12,login,55.0,2026-01-16
u0079,2026-02-13 07:11:55,click,318.0,2026-02-13
u0121,2026-02-24 02:07:43,click,141.0,2026-02-24
u0060,2026-04-22 09:05:15,click,77.0,2026-04-22
u0028,2026-04-07 13:35:18,purchase,31.0,2026-04-07
u0105,2026-02-09 17:28:19,purchase,19.0,2026-02-09
u0047,2026-04-11 20:53:40,view,271.0,2026-04-11
u0164,2026-01-21 13:50:43,purchase,12.0,2026-01-21
u0196,2026-04-17 18:35:19,login,91.0,2026-04-17
u0033,2026-02-10 21:33:05,click,188.0,2026-02-10
u0008,2026-03-23 21:12:54,click,44.0,2026-03-23
u0004,2026-03-01 00:27:52,purchase,43.0,2026-03-01
u0046,2026-04-21 16:12:13,click,39.0,2026-04-21
u0017,2026-01-18 22:25:36,login,60.0,2026-01-18
u0190,2026-04-02 01:58:08,purchase,157.0,2026-04-02
u0113,2026-03-02 21:45:21,click,20.0,2026-03-02
u0063,2026-01-28 03:26:12,purchase,33.0,2026-01-28
u0180,2026-01-22 16:22:34,view,45.0,2026-01-22
u0007,2026-01-05 08:59:30,login,32.0,2026-01-05
u0196,2026-03-07 10:11:24,view,58.0,2026-03-07
u0007,2026-04-30 08:03:06,login,10.0,2026-04-30
u0011,2026-03-02 06:35:46,purchase,79.0,2026-03-02
u0197,2026-02-05 22:56:11,view,7.0,2026-02-05
u0042,2026-02-01 00:02:36,login,84.0,2026-02-01
u0128,2026-03-06 19:50:29,view,68.0,2026-03-06
u0040,2026-02-15 00:01:09,scroll,14.0,2026-02-15
u0149,2026-01-22 09:36:32,purchase,954.0,2026-01-22
u0184,2026-03-04 06:20:18,purchase,98.0,2026-03-04
u0011,2026-02-09 05:45:18,purchase,374.0,2026-02-09
u0168,2026-04-07 13:35:41,purchase,35.0,2026-04-07
u0011,2026-02-15 06:22:32,view,605.0,2026-02-15
u0199,2026-02-14 09:48:54,purchase,92.0,2026-02-14
u0143,2026-04-05 01:35:14,scroll,9.0,2026-04-05
u0019,2026-04-02 15:57:49,scroll,55.0,2026-04-02
u0033,2026-04-10 21:50:10,click,24.0,2026-04-10
u0144,2026-03-15 08:01:19,purchase,134.0,2026-03-15
u0074,2026-04-09 06:34:47,scroll,52.0,2026-04-09
u0060,2026-02-21 02:25:21,scroll,42.0,2026-02-21
u0190,2026-04-04 22:41:52,click,24.0,2026-04-04
u0011,2026-04-01 05:18:48,login,95.0,2026-04-01
u0119,2026-04-06 00:56:39,view,133.0,2026-04-06
u0056,2026-01-13 19:39:08,view,60.0,2026-01-13
u0004,2026-02-24 15:35:40,click,21.0,2026-02-24
u0157,2026-03-14 08:48:54,login,21.0,2026-03-14
u0144,2026-01-09 15:18:46,click,151.0,2026-01-09
u0168,2026-02-18 13:02:10,click,41.0,2026-02-18
u0047,2026-03-21 08:56:49,click,44.0,2026-03-21
u0174,2026-01-13 10:03:47,purchase,9.0,2026-01-13
u0075,2026-03-21 17:17:15,purchase,39.0,2026-03-21
u0113,2026-02-05 12:06:33,click,26.0,2026-02-05
u0162,2026-03-09 12:12:16,scroll,6.0,2026-03-09
u0041,2026-03-14 00:39:45,login,92.0,2026-03-14
u0193,2026-02-23 18:11:03,login,71.0,2026-02-23
u0099,2026-03-03 04:31:41,view,64.0,2026-03-03
u0159,2026-02-27 06:03:45,purchase,386.0,2026-02-27
u0006,2026-04-11 23:36:45,click,10.0,2026-04-11
u0037,2026-02-14 12:50:22,view,261.0,2026-02-14
u0033,2026-04-20 10:57:32,login,28.0,2026-04-20
u0017,2026-03-07 11:55:51,login,12.0,2026-03-07
u0036,2026-04-23 11:04:44,click,66.0,2026-04-23
u0118,2026-02-07 15:29:35,scroll,25.0,2026-02-07
u0129,2026-01-02 23:06:32,scroll,214.0,2026-01-02
u0001,2026-02-09 08:09:42,purchase,127.0,2026-02-09
u0150,2026-04-12 02:29:22,view,50.0,2026-04-12
u0070,2026-02-27 07:36:40,view,41.0,2026-02-27
u0138,2026-01-20 05:34:22,view,50.0,2026-01-20
u0145,2026-04-10 10:33:06,purchase,1525.0,2026-04-10
u0062,2026-02-05 18:36:53,purchase,49.0,2026-02-05
u0105,2026-04-18 17:39:53,view,112.0,2026-04-18
u0002,2026-04-19 20:46:04,login,64.0,2026-04-19
u0009,2026-04-28 13:07:48,view,72.0,2026-04-28
u0101,2026-02-05 06:40:30,view,7.0,2026-02-05
u0198,2026-04-26 08:19:58,purchase,70.0,2026-04-26
u0009,2026-04-02 17:01:27,purchase,5.0,2026-04-02
u0055,2026-03-31 22:30:11,purchase,26.0,2026-03-31
u0128,2026-03-08 10:31:43,scroll,29.0,2026-03-08
u0038,2026-01-09 08:27:31,login,123.0,2026-01-09
u0137,2026-03-16 04:05:57,click,25.0,2026-03-16
u0079,2026-03-22 19:10:32,login,239.0,2026-03-22
u0154,2026-02-11 03:57:20,scroll,100.0,2026-02-11
u0056,2026-03-20 23:23:17,scroll,130.0,2026-03-20
u0158,2026-02-12 01:59:30,click,60.0,2026-02-12
u0059,2026-03-11 17:36:04,scroll,14.0,2026-03-11
u0119,2026-02-21 07:20:47,login,297.0,2026-02-21
u0075,2026-03-10 20:10:59,view,64.0,2026-03-10
u0022,2026-03-20 04:23:41,purchase,102.0,2026-03-20
u0027,2026-03-30 18:50:19,view,78.0,2026-03-30
u0049,2026-01-05 15:32:13,login,22.0,2026-01-05
u0111,2026-04-25 03:50:47,scroll,38.0,2026-04-25
u0015,2026-01-06 02:24:15,view,132.0,2026-01-06
u0197,2026-02-18 05:45:51,click,57.0,2026-02-18
u0151,2026-04-22 04:34:54,view,356.0,2026-04-22
u0044,2026-01-14 17:16:01,click,9.0,2026-01-14
u0091,2026-01-17 12:04:28,login,44.0,2026-01-17
u0078,2026-01-30 04:32:20,scroll,48.0,2026-01-30
u0086,2026-01-11 11:44:25,login,29.0,2026-01-11
u0077,2026-03-22 19:01:28,scroll,73.0,2026-03-22
u0123,2026-01-10 11:11:32,login,96.0,2026-01-10
u0183,2026-03-24 11:10:11,view,18.0,2026-03-24
u0005,2026-02-08 12:59:07,login,410.0,2026-02-08
u0055,2026-01-29 12:10:20,purchase,28.0,2026-01-29
u0173,2026-03-10 02:06:10,scroll,45.0,2026-03-10
u0175,2026-01-19 00:59:26,view,262.0,2026-01-19
u0175,2026-01-01 17:35:52,purchase,100.0,2026-01-01
u0036,2026-01-25 15:34:23,scroll,210.0,2026-01-25
u0010,2026-03-16 01:44:56,scroll,217.0,2026-03-16
u0180,2026-04-29 09:18:48,click,31.0,2026-04-29
u0026,2026-03-25 15:55:55,purchase,165.0,2026-03-25
u0102,2026-01-10 17:29:40,login,24.0,2026-01-10
u0024,2026-04-05 02:14:31,scroll,34.0,2026-04-05
u0147,2026-01-14 14:00:42,view,13.0,2026-01-14
u0151,2026-03-20 13:38:03,purchase,141.0,2026-03-20
u0200,2026-03-01 16:33:11,view,114.0,2026-03-01
u0063,2026-03-28 20:28:40,click,72.0,2026-03-28
u0163,2026-03-25 12:05:27,purchase,37.0,2026-03-25
u0064,2026-04-24 06:53:32,login,36.0,2026-04-24
u0140,2026-04-21 00:43:57,login,105.0,2026-04-21
u0100,2026-02-06 02:03:11,click,85.0,2026-02-06
u0145,2026-04-06 22:42:31,click,183.0,2026-04-06
u0157,2026-02-13 06:11:09,view,197.0,2026-02-13
u0183,2026-02-07 11:37:47,view,32.0,2026-02-07
u0109,2026-03-13 20:54:52,click,76.0,2026-03-13
u0142,2026-03-09 19:38:34,scroll,17.0,2026-03-09
u0192,2026-04-22 15:16:35,login,34.0,2026-04-22
u0014,2026-03-07 00:47:16,scroll,14.0,2026-03-07
u0091,2026-03-01 15:08:56,scroll,34.0,2026-03-01
u0069,2026-04-09 04:49:35,purchase,14.0,2026-04-09
u0028,2026-01-18 11:01:12,purchase,85.0,2026-01-18
u0132,2026-04-27 15:41:12,click,47.0,2026-04-27
u0190,2026-01-04 00:24:54,login,56.0,2026-01-04
u0019,2026-01-02 10:40:28,login,387.0,2026-01-02
u0004,2026-01-01 18:08:16,purchase,139.0,2026-01-01
u0143,2026-01-12 05:34:35,view,170.0,2026-01-12
u0181,2026-04-09 04:21:25,scroll,29.0,2026-04-09
u0056,2026-04-12 07:25:20,login,136.0,2026-04-12
u0148,2026-04-09 22:15:34,click,25.0,2026-04-09
u0046,2026-04-16 11:52:57,scroll,20.0,2026-04-16
u0178,2026-01-30 13:02:32,view,90.0,2026-01-30
u0025,2026-03-21 06:55:28,login,278.0,2026-03-21
u0161,2026-03-03 14:50:27,scroll,17.0,2026-03-03
u0136,2026-03-11 03:27:48,scroll,33.0,2026-03-11
u0092,2026-02-24 19:56:34,view,16.0,2026-02-24
u0133,2026-04-30 12:52:35,purchase,29.0,2026-04-30
u0192,2026-03-24 13:07:30,purchase,19.0,2026-03-24
u0197,2026-02-01 11:40:36,view,24.0,2026-02-01
u0065,2026-02-23 17:47:22,click,12.0,2026-02-23
u0180,2026-01-30 19:37:29,purchase,39.0,2026-01-30
u0164,2026-03-14 08:17:35,scroll,7.0,2026-03-14
u0130,2026-04-28 12:32:20,view,74.0,2026-04-28
u0072,2026-03-12 01:09:43,click,28.0,2026-03-12
u0032,2026-03-08 21:24:34,purchase,320.0,2026-03-08
u0039,2026-01-21 09:33:19,click,11.0,2026-01-21
u0195,2026-01-11 13:57:05,login,209.0,2026-01-11
u0073,2026-04-02 16:29:14,login,193.0,2026-04-02
u0158,2026-03-11 02:08:31,purchase,179.0,2026-03-11
u0100,2026-01-26 19:29:11,view,48.0,2026-01-26
u0144,2026-01-10 20:22:04,view,32.0,2026-01-10
u0183,2026-04-25 22:34:37,click,88.0,2026-04-25
u0166,2026-04-09 21:14:50,view,110.0,2026-04-09
u0118,2026-02-20 19:37:52,scroll,13.0,2026-02-20
u0134,2026-02-25 04:17:20,scroll,126.0,2026-02-25
u0083,2026-01-26 03:15:35,login,15.0,2026-01-26
u0160,2026-01-13 19:39:33,click,167.0,2026-01-13
u0034,2026-03-30 18:11:57,view,28.0,2026-03-30
u0033,2026-01-28 09:40:24,purchase,121.0,2026-01-28
u0141,2026-04-02 04:58:42,scroll,13.0,2026-04-02
u0187,2026-03-12 08:39:10,login,129.0,2026-03-12
u0021,2026-04-14 09:47:42,view,225.0,2026-04-14
u0098,2026-01-29 20:04:43,scroll,26.0,2026-01-29
u0128,2026-01-14 13:29:45,login,13.0,2026-01-14
u0018,2026-03-06 20:42:37,click,310.0,2026-03-06
u0063,2026-01-27 14:37:19,click,41.0,2026-01-27
u0030,2026-02-10 11:23:27,login,32.0,2026-02-10
u0089,2026-04-29 17:49:25,view,125.0,2026-04-29
u0021,2026-03-21 01:21:29,click,53.0,2026-03-21
u0139,2026-01-08 00:34:14,login,684.0,2026-01-08
u0118,2026-02-22 05:03:22,scroll,44.0,2026-02-22
u0178,2026-01-21 04:15:50,click,64.0,2026-01-21
u0176,2026-01-07 22:08:26,login,128.0,2026-01-07
u0133,2026-01-31 00:04:43,purchase,133.0,2026-01-31
u0021,2026-02-19 14:08:24,purchase,164.0,2026-02-19
u0018,2026-03-01 23:39:16,scroll,71.0,2026-03-01
u0023,2026-01-02 16:05:35,click,29.0,2026-01-02
u0005,2026-01-07 20:22:19,login,33.0,2026-01-07
u0165,2026-03-17 21:24:48,login,16.0,2026-03-17
u0096,2026-03-18 02:47:09,scroll,360.0,2026-03-18
u0117,2026-03-14 15:05:40,view,104.0,2026-03-14
u0020,2026-04-12 10:09:17,click,19.0,2026-04-12
u0156,2026-04-22 15:09:54,login,71.0,2026-04-22
u0004,2026-04-15 03:57:25,login,23.0,2026-04-15
u0138,2026-02-12 16:47:09,scroll,109.0,2026-02-12
u0075,2026-01-23 19:16:49,login,34.0,2026-01-23
u0082,2026-02-02 07:22:13,scroll,20.0,2026-02-02
u0110,2026-01-26 18:02:59,scroll,72.0,2026-01-26
u0083,2026-04-15 15:10:20,view,9.0,2026-04-15
u0062,2026-02-12 09:18:20,purchase,101.0,2026-02-12
u0042,2026-04-12 14:44:12,click,37.0,2026-04-12
u0103,2026-02-21 14:31:54,login,63.0,2026-02-21
u0159,2026-02-12 13:08:18,view,68.0,2026-02-12
u0045,2026-01-24 19:56:24,purchase,17.0,2026-01-24
u0034,2026-01-20 20:08:18,click,67.0,2026-01-20
u0136,2026-03-17 00:20:00,login,152.0,2026-03-17
u0009,2026-02-18 19:23:14,purchase,66.0,2026-02-18
u0159,2026-01-25 12:56:23,scroll,16.0,2026-01-25
u0041,2026-02-25 09:36:45,login,140.0,2026-02-25
u0179,2026-02-20 11:05:37,scroll,19.0,2026-02-20
u0024,2026-02-12 01:42:31,scroll,74.0,2026-02-12
u0007,2026-01-28 14:11:53,click,78.0,2026-01-28
u0170,2026-01-17 23:38:23,click,49.0,2026-01-17
u0127,2026-04-21 20:29:25,scroll,209.0,2026-04-21
u0079,2026-01-07 19:33:16,view,55.0,2026-01-07
u0188,2026-03-27 00:06:54,login,21.0,2026-03-27
u0125,2026-04-20 21:56:54,click,34.0,2026-04-20
u0050,2026-03-23 20:21:38,purchase,68.0,2026-03-23
u0160,2026-04-29 18:42:58,click,38.0,2026-04-29
u0085,2026-01-19 21:45:12,purchase,10.0,2026-01-19
u0155,2026-04-17 13:53:58,view,82.0,2026-04-17
u0128,2026-01-10 20:48:27,purchase,58.0,2026-01-10
u0069,2026-04-06 01:49:24,click,36.0,2026-04-06
u0194,2026-03-27 16:07:02,scroll,42.0,2026-03-27
u0012,2026-03-02 02:20:32,view,174.0,2026-03-02
u0021,2026-01-01 02:31:03,scroll,10.0,2026-01-01
u0042,2026-01-05 02:49:03,scroll,183.0,2026-01-05
u0018,2026-03-31 10:57:33,scroll,97.0,2026-03-31
u0132,2026-04-14 02:46:58,login,90.0,2026-04-14
u0176,2026-01-28 23:55:21,login,127.0,2026-01-28
u0091,2026-02-10 13:11:15,purchase,92.0,2026-02-10
u0132,2026-03-22 12:16:59,scroll,47.0,2026-03-22
u0028,2026-02-25 07:19:30,scroll,1127.0,2026-02-25
u0013,2026-01-20 22:28:20,purchase,62.0,2026-01-20
u0037,2026-02-15 01:10:52,scroll,104.0,2026-02-15
u0030,2026-02-01 05:46:17,purchase,70.0,2026-02-01
u0140,2026-03-30 23:02:36,view,55.0,2026-03-30
u0190,2026-01-17 08:41:05,view,21.0,2026-01-17
u0018,2026-04-02 09:24:12,view,5.0,2026-04-02
u0129,2026-03-08 00:49:06,scroll,7.0,2026-03-08
u0058,2026-04-14 18:53:47,purchase,665.0,2026-04-14
u0068,2026-01-13 02:17:54,view,6.0,2026-01-13
u0061,2026-01-14 13:08:28,purchase,366.0,2026-01-14
u0116,2026-04-20 05:06:04,view,132.0,2026-04-20
u0176,2026-01-19 04:23:43,purchase,18.0,2026-01-19
u0092,2026-04-01 20:41:34,click,195.0,2026-04-01
u0179,2026-03-07 16:18:25,purchase,130.0,2026-03-07
u0162,2026-01-12 00:04:07,scroll,28.0,2026-01-12
u0167,2026-01-03 01:35:05,purchase,9.0,2026-01-03
u0172,2026-03-18 07:01:44,click,138.0,2026-03-18
u0093,2026-02-23 16:08:47,purchase,1059.0,2026-02-23
u0174,2026-04-11 02:26:14,scroll,11.0,2026-04-11
u0087,2026-04-01 04:54:41,login,32.0,2026-04-01
u0025,2026-04-15 15:07:06,purchase,50.0,2026-04-15
u0058,2026-01-23 04:06:00,login,76.0,2026-01-23
u0083,2026-04-03 17:47:08,click,67.0,2026-04-03
u0126,2026-03-21 20:01:47,purchase,160.0,2026-03-21
u0085,2026-01-02 13:41:49,login,49.0,2026-01-02
u0188,2026-03-01 02:32:24,click,74.0,2026-03-01
u0144,2026-03-28 07:33:52,purchase,70.0,2026-03-28
u0142,2026-02-17 17:41:43,click,56.0,2026-02-17
u0092,2026-04-03 16:37:42,login,9.0,2026-04-03
u0150,2026-04-27 21:57:39,view,41.0,2026-04-27
u0068,2026-04-07 00:17:39,purchase,132.0,2026-04-07
u0179,2026-01-10 09:15:43,scroll,148.0,2026-01-10
u0042,2026-01-06 13:48:19,login,16.0,2026-01-06
u0199,2026-04-01 18:44:42,click,57.0,2026-04-01
u0028,2026-03-27 12:22:28,click,21.0,2026-03-27
u0177,2026-01-19 18:57:56,click,103.0,2026-01-19
